invoice_id,customer_id,invoice_date,amount,status
1,1,2025-08-09,60.0,paid
2,1,2025-09-08,60.0,failed
3,1,2025-10-09,60.0,paid
4,1,2025-11-09,60.0,paid
5,2,2025-03-25,20.0,paid
6,2,2025-04-28,20.0,paid
7,2,2025-05-26,20.0,paid
8,2,2025-06-24,20.0,paid
9,2,2025-07-25,20.0,paid
10,2,2025-08-21,20.0,paid
11,2,2025-09-25,20.0,paid
12,2,2025-10-26,20.0,failed
13,2,2025-11-21,20.0,paid
14,3,2025-08-20,200.0,paid
15,3,2025-09-18,200.0,paid
16,3,2025-10-21,200.0,paid
17,3,2025-11-21,200.0,paid
18,6,2025-05-15,20.0,paid
19,6,2025-06-14,20.0,paid
20,6,2025-07-12,20.0,paid
21,6,2025-08-10,20.0,paid
22,8,2025-06-25,60.0,paid
23,8,2025-07-24,60.0,paid
24,8,2025-08-23,60.0,paid
25,8,2025-09-18,60.0,paid
26,8,2025-10-17,60.0,paid
27,8,2025-11-17,60.0,paid
28,9,2025-02-23,20.0,paid
29,9,2025-03-26,20.0,paid
30,9,2025-04-22,20.0,paid
31,9,2025-05-19,20.0,failed
32,9,2025-06-19,20.0,failed
33,9,2025-07-18,20.0,paid
34,9,2025-08-18,20.0,paid
35,9,2025-09-22,20.0,paid
36,9,2025-10-21,20.0,paid
37,9,2025-11-17,20.0,paid
38,11,2024-11-09,60.0,paid
39,11,2024-12-05,60.0,paid
40,11,2025-01-08,60.0,failed
41,11,2025-02-04,60.0,paid
42,11,2025-03-10,60.0,paid
43,11,2025-04-07,60.0,paid
44,11,2025-05-06,60.0,paid
45,11,2025-06-05,60.0,paid
46,11,2025-07-06,60.0,paid
47,12,2024-12-18,10.0,paid
48,12,2025-01-11,10.0,paid
49,13,2024-08-17,200.0,paid
50,13,2024-09-19,200.0,paid
51,13,2024-10-17,200.0,paid
52,13,2024-11-17,200.0,paid
53,13,2024-12-16,200.0,failed
54,13,2025-01-18,200.0,paid
55,13,2025-02-14,200.0,paid
56,13,2025-03-15,200.0,paid
57,13,2025-04-13,200.0,paid
58,13,2025-05-13,200.0,failed
59,13,2025-06-17,200.0,paid
60,13,2025-07-13,200.0,paid
61,14,2025-09-14,60.0,paid
62,14,2025-10-13,60.0,paid
63,14,2025-11-13,60.0,paid
64,17,2025-04-11,200.0,paid
65,17,2025-05-07,200.0,paid
66,17,2025-06-09,200.0,paid
67,17,2025-07-07,200.0,paid
68,17,2025-08-04,200.0,paid
69,17,2025-09-06,200.0,paid
70,17,2025-10-04,200.0,failed
71,18,2025-02-21,60.0,paid
72,18,2025-03-21,60.0,failed
73,18,2025-04-19,60.0,paid
74,18,2025-05-20,60.0,paid
75,18,2025-06-24,60.0,paid
76,18,2025-07-18,60.0,paid
77,18,2025-08-20,60.0,paid
78,18,2025-09-17,60.0,paid
79,18,2025-10-21,60.0,paid
80,18,2025-11-18,60.0,paid
81,19,2025-06-21,60.0,paid
82,19,2025-07-22,60.0,paid
83,19,2025-08-17,60.0,failed
84,19,2025-09-19,60.0,paid
85,19,2025-10-16,60.0,paid
86,19,2025-11-18,60.0,paid
87,21,2025-06-11,20.0,paid
88,21,2025-07-09,20.0,paid
89,21,2025-08-08,20.0,paid
90,21,2025-09-11,20.0,paid
91,21,2025-10-06,20.0,paid
92,21,2025-11-09,20.0,paid
93,22,2024-08-18,60.0,paid
94,22,2024-09-13,60.0,paid
95,22,2024-10-18,60.0,paid
96,22,2024-11-13,60.0,paid
97,22,2024-12-15,60.0,paid
98,22,2025-01-11,60.0,paid
99,22,2025-02-09,60.0,paid
100,22,2025-03-12,60.0,failed
101,22,2025-04-16,60.0,paid
102,22,2025-05-11,60.0,paid
103,22,2025-06-10,60.0,paid
104,22,2025-07-15,60.0,paid
105,22,2025-08-11,60.0,paid
106,22,2025-09-07,60.0,paid
107,24,2025-04-13,60.0,paid
108,24,2025-05-13,60.0,paid
109,24,2025-06-10,60.0,paid
110,24,2025-07-11,60.0,paid
111,24,2025-08-13,60.0,paid
112,24,2025-09-10,60.0,paid
113,24,2025-10-07,60.0,failed
114,24,2025-11-09,60.0,paid
115,26,2025-04-27,20.0,paid
116,26,2025-05-29,20.0,paid
117,26,2025-06-29,20.0,paid
118,26,2025-07-31,20.0,paid
119,27,2024-07-09,200.0,paid
120,27,2024-08-09,200.0,paid
121,27,2024-09-07,200.0,paid
122,27,2024-10-10,200.0,paid
123,27,2024-11-06,200.0,paid
124,27,2024-12-09,200.0,paid
125,27,2025-01-06,200.0,paid
126,27,2025-02-01,200.0,paid
127,27,2025-03-04,200.0,paid
128,27,2025-04-04,200.0,paid
129,27,2025-05-07,200.0,paid
130,27,2025-06-01,200.0,paid
131,27,2025-07-04,200.0,paid
132,27,2025-08-03,200.0,paid
133,28,2025-07-10,20.0,paid
134,28,2025-08-07,20.0,failed
135,28,2025-09-05,20.0,paid
136,28,2025-10-10,20.0,failed
137,28,2025-11-09,20.0,paid
138,29,2025-03-26,200.0,paid
139,29,2025-04-22,200.0,paid
140,29,2025-05-27,200.0,paid
141,29,2025-06-21,200.0,paid
142,29,2025-07-23,200.0,paid
143,29,2025-08-23,200.0,paid
144,29,2025-09-24,200.0,paid
145,29,2025-10-18,200.0,paid
146,29,2025-11-23,200.0,paid
147,30,2024-10-18,20.0,paid
148,30,2024-11-18,20.0,paid
149,30,2024-12-17,20.0,paid
150,30,2025-01-16,20.0,paid
151,30,2025-02-16,20.0,failed
152,30,2025-03-21,20.0,paid
153,30,2025-04-16,20.0,paid
154,30,2025-05-17,20.0,paid
155,30,2025-06-18,20.0,paid
156,30,2025-07-16,20.0,paid
157,30,2025-08-19,20.0,paid
158,31,2025-07-11,20.0,paid
159,32,2025-10-13,20.0,paid
160,32,2025-11-16,20.0,paid
161,34,2024-11-01,200.0,paid
162,34,2024-12-05,200.0,failed
163,34,2025-01-01,200.0,paid
164,34,2025-02-02,200.0,paid
165,34,2025-03-04,200.0,paid
166,34,2025-03-30,200.0,paid
167,34,2025-05-03,200.0,paid
168,37,2025-02-03,20.0,paid
169,37,2025-03-08,20.0,paid
170,37,2025-04-07,20.0,paid
171,37,2025-05-04,20.0,failed
172,37,2025-06-03,20.0,paid
173,37,2025-07-07,20.0,paid
174,37,2025-08-05,20.0,failed
175,37,2025-09-05,20.0,failed
176,37,2025-10-04,20.0,paid
177,37,2025-11-01,20.0,paid
178,38,2024-08-22,60.0,paid
179,38,2024-09-27,60.0,paid
180,38,2024-10-27,60.0,paid
181,38,2024-11-20,60.0,paid
182,38,2024-12-20,60.0,paid
183,38,2025-01-19,60.0,paid
184,38,2025-02-23,60.0,paid
185,38,2025-03-26,60.0,paid
186,38,2025-04-23,60.0,failed
187,38,2025-05-21,60.0,paid
188,38,2025-06-23,60.0,paid
189,38,2025-07-19,60.0,paid
190,40,2025-02-01,20.0,failed
191,40,2025-03-02,20.0,failed
192,40,2025-04-02,20.0,paid
193,40,2025-05-03,20.0,paid
194,40,2025-05-28,20.0,paid
195,40,2025-06-30,20.0,paid
196,40,2025-08-01,20.0,failed
197,40,2025-08-30,20.0,paid
198,40,2025-09-27,20.0,paid
199,40,2025-10-30,20.0,paid
200,40,2025-11-26,20.0,paid
201,42,2025-01-03,0.0,paid
202,43,2025-08-13,60.0,paid
203,43,2025-09-11,60.0,paid
204,43,2025-10-09,60.0,paid
205,43,2025-11-07,60.0,paid
206,44,2025-04-03,20.0,paid
207,44,2025-04-28,20.0,failed
208,44,2025-05-29,20.0,paid
209,44,2025-06-30,20.0,failed
210,45,2025-09-13,200.0,paid
211,45,2025-10-13,200.0,paid
212,45,2025-11-10,200.0,paid
213,46,2025-09-21,20.0,paid
214,46,2025-10-22,20.0,paid
215,46,2025-11-25,20.0,paid
216,47,2024-08-05,60.0,paid
217,47,2024-09-05,60.0,paid
218,47,2024-10-01,60.0,paid
219,47,2024-11-01,60.0,paid
220,47,2024-11-29,60.0,failed
221,47,2025-01-03,60.0,paid
222,47,2025-01-29,60.0,paid
223,47,2025-03-02,60.0,paid
224,48,2024-06-07,20.0,paid
225,48,2024-07-09,20.0,failed
226,48,2024-08-07,20.0,paid
227,48,2024-09-08,20.0,paid
228,48,2024-10-05,20.0,paid
229,48,2024-11-06,20.0,failed
230,48,2024-12-07,20.0,paid
231,48,2025-01-04,20.0,paid
232,48,2025-02-03,20.0,paid
233,48,2025-03-04,20.0,paid
234,48,2025-04-03,20.0,paid
235,49,2025-05-11,200.0,paid
236,49,2025-06-13,200.0,paid
237,49,2025-07-11,200.0,paid
238,49,2025-08-09,200.0,failed
239,49,2025-09-06,200.0,paid
240,49,2025-10-11,200.0,paid
241,49,2025-11-05,200.0,paid
242,50,2024-11-16,200.0,paid
243,50,2024-12-17,200.0,paid
244,50,2025-01-13,200.0,paid
245,50,2025-02-11,200.0,paid
246,50,2025-03-18,200.0,paid
247,50,2025-04-12,200.0,paid
248,50,2025-05-14,200.0,paid
249,50,2025-06-14,200.0,paid
250,51,2025-08-01,20.0,paid
251,51,2025-08-30,20.0,paid
252,51,2025-09-30,20.0,paid
253,51,2025-10-27,20.0,paid
254,51,2025-11-26,20.0,paid
255,54,2025-09-21,20.0,paid
256,54,2025-10-19,20.0,paid
257,54,2025-11-18,20.0,paid
258,55,2025-09-21,60.0,paid
259,55,2025-10-21,60.0,paid
260,55,2025-11-22,60.0,paid
261,56,2025-09-24,60.0,paid
262,56,2025-10-23,60.0,paid
263,56,2025-11-22,60.0,paid
264,57,2024-07-24,20.0,paid
265,57,2024-08-19,20.0,paid
266,57,2024-09-24,20.0,failed
267,57,2024-10-18,20.0,paid
268,57,2024-11-20,20.0,paid
269,57,2024-12-18,20.0,paid
270,57,2025-01-18,20.0,paid
271,58,2024-08-04,200.0,paid
272,58,2024-09-07,200.0,paid
273,58,2024-10-04,200.0,paid
274,58,2024-11-02,200.0,paid
275,58,2024-11-30,200.0,paid
276,58,2025-01-02,200.0,failed
277,58,2025-01-29,200.0,paid
278,58,2025-03-04,200.0,paid
279,58,2025-04-03,200.0,paid
280,58,2025-04-30,200.0,paid
281,58,2025-05-31,200.0,paid
282,58,2025-07-02,200.0,paid
283,58,2025-07-30,200.0,paid
284,58,2025-08-27,200.0,failed
285,59,2024-10-12,20.0,paid
286,60,2025-08-25,60.0,paid
287,60,2025-09-27,60.0,paid
288,60,2025-10-25,60.0,paid
289,60,2025-11-22,60.0,paid
290,61,2024-09-27,200.0,paid
291,61,2024-10-26,200.0,paid
292,61,2024-11-21,200.0,paid
293,61,2024-12-22,200.0,paid
294,61,2025-01-20,200.0,failed
295,61,2025-02-22,200.0,paid
296,61,2025-03-23,200.0,paid
297,61,2025-04-26,200.0,paid
298,61,2025-05-22,200.0,paid
299,61,2025-06-23,200.0,failed
300,61,2025-07-21,200.0,paid
301,61,2025-08-24,200.0,paid
302,64,2025-03-21,20.0,paid
303,64,2025-04-23,20.0,paid
304,64,2025-05-23,20.0,paid
305,64,2025-06-21,20.0,paid
306,64,2025-07-22,20.0,paid
307,65,2024-08-27,200.0,paid
308,65,2024-09-26,200.0,paid
309,65,2024-10-27,200.0,paid
310,66,2025-05-28,200.0,paid
311,66,2025-07-01,200.0,failed
312,66,2025-07-28,200.0,paid
313,66,2025-08-28,200.0,paid
314,66,2025-09-26,200.0,paid
315,66,2025-10-24,200.0,paid
316,66,2025-11-26,200.0,paid
317,67,2025-03-21,200.0,paid
318,67,2025-04-22,200.0,paid
319,67,2025-05-20,200.0,paid
320,67,2025-06-18,200.0,failed
321,67,2025-07-20,200.0,paid
322,69,2025-08-31,20.0,paid
323,69,2025-10-01,20.0,failed
324,69,2025-10-27,20.0,paid
325,69,2025-11-28,20.0,paid
326,70,2024-10-15,200.0,paid
327,70,2024-11-12,200.0,paid
328,70,2024-12-12,200.0,failed
329,70,2025-01-10,200.0,failed
330,70,2025-02-11,200.0,paid
331,70,2025-03-12,200.0,paid
332,70,2025-04-09,200.0,paid
333,70,2025-05-10,200.0,paid
334,70,2025-06-12,200.0,paid
335,70,2025-07-06,200.0,paid
336,70,2025-08-07,200.0,paid
337,71,2025-04-27,0.0,paid
338,72,2025-06-19,0.0,failed
339,72,2025-07-14,20.0,paid
340,73,2024-10-30,200.0,paid
341,73,2024-11-27,200.0,paid
342,73,2024-12-31,200.0,paid
343,73,2025-01-29,200.0,paid
344,73,2025-03-01,200.0,paid
345,73,2025-03-30,200.0,paid
346,73,2025-04-29,200.0,paid
347,73,2025-05-24,200.0,paid
348,73,2025-06-27,200.0,paid
349,74,2025-02-12,200.0,paid
350,74,2025-03-17,200.0,paid
351,74,2025-04-17,200.0,paid
352,74,2025-05-17,200.0,failed
353,74,2025-06-14,200.0,paid
354,74,2025-07-14,200.0,paid
355,74,2025-08-10,200.0,failed
356,74,2025-09-13,200.0,paid
357,74,2025-10-08,200.0,paid
358,74,2025-11-11,200.0,paid
359,75,2025-06-25,60.0,paid
360,75,2025-07-28,60.0,paid
361,75,2025-08-28,60.0,paid
362,75,2025-09-27,60.0,paid
363,75,2025-10-26,60.0,paid
364,75,2025-11-27,60.0,paid
365,79,2024-06-28,20.0,paid
366,79,2024-08-02,20.0,paid
367,79,2024-08-31,20.0,paid
368,79,2024-09-26,20.0,paid
369,79,2024-10-25,20.0,paid
370,79,2024-11-28,20.0,paid
371,79,2024-12-29,20.0,paid
372,79,2025-01-23,20.0,paid
373,79,2025-02-23,20.0,paid
374,80,2025-09-23,20.0,failed
375,80,2025-10-22,20.0,paid
376,80,2025-11-22,20.0,paid
377,81,2024-10-15,20.0,failed
378,81,2024-11-16,20.0,paid
379,81,2024-12-12,20.0,paid
380,81,2025-01-13,20.0,paid
381,81,2025-02-13,20.0,paid
382,82,2025-10-24,200.0,paid
383,82,2025-11-22,200.0,paid
384,83,2024-06-17,60.0,paid
385,83,2024-07-12,60.0,paid
386,83,2024-08-16,60.0,failed
387,83,2024-09-11,60.0,paid
388,83,2024-10-14,60.0,paid
389,83,2024-11-10,60.0,failed
390,83,2024-12-13,60.0,failed
391,83,2025-01-10,60.0,failed
392,83,2025-02-12,60.0,paid
393,83,2025-03-12,60.0,paid
394,83,2025-04-12,60.0,paid
395,83,2025-05-11,60.0,paid
396,83,2025-06-09,60.0,failed
397,83,2025-07-08,60.0,paid
398,84,2025-05-08,20.0,paid
399,84,2025-06-05,20.0,paid
400,84,2025-07-07,20.0,paid
401,84,2025-08-04,20.0,paid
402,84,2025-09-06,20.0,paid
403,84,2025-10-07,20.0,paid
404,84,2025-11-06,20.0,paid
405,85,2025-03-08,20.0,paid
406,85,2025-04-08,20.0,paid
407,85,2025-05-07,20.0,paid
408,85,2025-06-03,20.0,paid
409,85,2025-07-05,20.0,paid
410,85,2025-08-03,20.0,paid
411,85,2025-08-31,20.0,paid
412,85,2025-09-30,20.0,failed
413,85,2025-10-31,20.0,paid
414,85,2025-12-02,20.0,paid
415,86,2025-01-28,60.0,paid
416,86,2025-03-03,60.0,paid
417,86,2025-03-29,60.0,paid
418,86,2025-05-01,60.0,paid
419,86,2025-05-27,60.0,paid
420,86,2025-06-30,60.0,paid
421,87,2025-09-19,200.0,paid
422,87,2025-10-18,200.0,paid
423,87,2025-11-18,200.0,paid
424,88,2025-08-25,20.0,paid
425,88,2025-09-23,20.0,paid
426,88,2025-10-20,20.0,paid
427,88,2025-11-19,20.0,paid
428,89,2024-07-04,20.0,paid
429,89,2024-08-02,20.0,paid
430,89,2024-08-31,20.0,paid
431,89,2024-09-30,20.0,paid
432,89,2024-11-02,20.0,paid
433,89,2024-11-28,20.0,paid
434,89,2025-01-01,20.0,paid
435,89,2025-01-31,20.0,paid
436,89,2025-02-25,20.0,paid
437,89,2025-03-28,20.0,failed
438,89,2025-04-25,20.0,paid
439,89,2025-05-27,20.0,paid
440,90,2024-12-07,20.0,paid
441,90,2025-01-08,20.0,failed
442,90,2025-02-08,20.0,failed
443,90,2025-03-12,20.0,paid
444,90,2025-04-08,20.0,paid
445,90,2025-05-11,20.0,paid
446,90,2025-06-08,20.0,paid
447,90,2025-07-06,20.0,paid
448,90,2025-08-05,20.0,paid
449,90,2025-09-09,20.0,failed
450,90,2025-10-07,20.0,paid
451,90,2025-11-04,20.0,paid
452,91,2024-11-18,20.0,paid
453,91,2024-12-17,20.0,failed
454,91,2025-01-15,20.0,failed
455,91,2025-02-18,20.0,paid
456,91,2025-03-21,20.0,paid
457,91,2025-04-19,20.0,paid
458,91,2025-05-16,20.0,paid
459,91,2025-06-15,20.0,paid
460,91,2025-07-14,20.0,paid
461,91,2025-08-18,20.0,paid
462,91,2025-09-16,20.0,paid
463,91,2025-10-13,20.0,paid
464,91,2025-11-16,20.0,paid
465,93,2025-01-27,20.0,paid
466,93,2025-03-01,20.0,paid
467,93,2025-03-30,20.0,paid
468,95,2025-06-26,60.0,paid
469,95,2025-07-23,60.0,paid
470,95,2025-08-27,60.0,paid
471,95,2025-09-27,60.0,paid
472,95,2025-10-22,60.0,failed
473,95,2025-11-20,60.0,paid
474,96,2025-05-01,20.0,paid
475,96,2025-06-02,20.0,failed
476,96,2025-06-30,20.0,paid
477,96,2025-07-30,20.0,paid
478,96,2025-08-31,20.0,paid
479,97,2025-03-10,60.0,paid
480,97,2025-04-05,60.0,paid
481,97,2025-05-05,60.0,paid
482,97,2025-06-04,60.0,paid
483,97,2025-07-07,60.0,failed
484,97,2025-08-01,60.0,paid
485,98,2025-10-08,200.0,paid
486,98,2025-11-12,200.0,paid
487,99,2025-02-20,0.0,paid
488,100,2024-12-28,60.0,paid
489,100,2025-01-27,60.0,paid
490,100,2025-02-27,60.0,paid
491,100,2025-03-23,60.0,paid
492,100,2025-04-23,60.0,paid
493,100,2025-05-25,60.0,paid
494,100,2025-06-27,60.0,failed
495,100,2025-07-22,60.0,failed
496,100,2025-08-20,60.0,paid
497,100,2025-09-25,60.0,paid
498,100,2025-10-22,60.0,failed
499,101,2025-06-20,200.0,paid
500,101,2025-07-18,200.0,paid
501,101,2025-08-21,200.0,paid
502,101,2025-09-21,200.0,paid
503,101,2025-10-17,200.0,failed
504,101,2025-11-14,200.0,paid
505,103,2025-07-04,60.0,paid
506,103,2025-08-03,60.0,paid
507,103,2025-08-29,60.0,paid
508,103,2025-09-30,60.0,paid
509,103,2025-10-30,60.0,paid
510,103,2025-11-30,60.0,paid
511,104,2025-07-05,20.0,paid
512,104,2025-08-03,20.0,paid
513,104,2025-08-31,20.0,paid
514,104,2025-10-05,20.0,paid
515,104,2025-11-02,20.0,paid
516,104,2025-12-01,20.0,paid
517,105,2025-10-24,60.0,paid
518,105,2025-11-17,60.0,paid
519,106,2025-10-25,20.0,paid
520,106,2025-11-22,20.0,paid
521,107,2025-03-24,60.0,paid
522,107,2025-04-19,60.0,paid
523,107,2025-05-18,60.0,paid
524,107,2025-06-22,60.0,paid
525,107,2025-07-19,60.0,paid
526,107,2025-08-22,60.0,paid
527,107,2025-09-17,60.0,paid
528,108,2024-10-14,20.0,paid
529,108,2024-11-14,20.0,paid
530,108,2024-12-09,20.0,failed
531,108,2025-01-08,20.0,paid
532,108,2025-02-10,20.0,paid
533,108,2025-03-14,20.0,paid
534,108,2025-04-12,20.0,paid
535,108,2025-05-10,20.0,paid
536,108,2025-06-12,20.0,paid
537,108,2025-07-09,20.0,failed
538,108,2025-08-09,20.0,paid
539,108,2025-09-06,20.0,failed
540,109,2025-06-19,200.0,paid
541,109,2025-07-21,200.0,paid
542,109,2025-08-15,200.0,paid
543,109,2025-09-15,200.0,failed
544,110,2025-11-07,60.0,paid
545,111,2024-10-04,60.0,paid
546,111,2024-11-05,60.0,paid
547,111,2024-12-06,60.0,paid
548,111,2025-01-03,60.0,paid
549,111,2025-02-04,60.0,paid
550,111,2025-03-09,60.0,paid
551,112,2025-06-21,200.0,paid
552,112,2025-07-21,200.0,paid
553,112,2025-08-22,200.0,paid
554,112,2025-09-22,200.0,paid
555,112,2025-10-21,200.0,paid
556,112,2025-11-16,200.0,paid
557,113,2025-10-23,20.0,paid
558,113,2025-11-25,20.0,paid
559,114,2025-05-14,60.0,paid
560,114,2025-06-08,60.0,paid
561,114,2025-07-11,60.0,paid
562,115,2025-01-22,20.0,paid
563,115,2025-02-23,20.0,paid
564,115,2025-03-27,20.0,paid
565,115,2025-04-25,20.0,paid
566,115,2025-05-26,20.0,paid
567,115,2025-06-26,20.0,paid
568,115,2025-07-22,20.0,paid
569,116,2025-11-05,200.0,paid
570,118,2025-02-19,200.0,paid
571,118,2025-03-23,200.0,paid
572,118,2025-04-19,200.0,paid
573,118,2025-05-19,200.0,paid
574,118,2025-06-18,200.0,paid
575,118,2025-07-20,200.0,paid
576,118,2025-08-17,200.0,failed
577,120,2025-03-12,60.0,paid
578,120,2025-04-10,60.0,paid
579,120,2025-05-08,60.0,paid
580,120,2025-06-08,60.0,paid
581,120,2025-07-10,60.0,paid
582,120,2025-08-08,60.0,paid
583,120,2025-09-06,60.0,paid
584,120,2025-10-09,60.0,paid
585,120,2025-11-06,60.0,paid
586,121,2025-10-27,200.0,paid
587,121,2025-11-21,200.0,paid
588,122,2024-12-16,200.0,paid
589,122,2025-01-16,200.0,paid
590,122,2025-02-13,200.0,paid
591,122,2025-03-17,200.0,paid
592,122,2025-04-16,200.0,paid
593,122,2025-05-10,200.0,paid
594,123,2024-06-27,200.0,paid
595,123,2024-07-28,200.0,paid
596,123,2024-08-28,200.0,paid
597,123,2024-09-24,200.0,paid
598,123,2024-10-22,200.0,paid
599,123,2024-11-25,200.0,paid
600,123,2024-12-21,200.0,paid
601,123,2025-01-20,200.0,paid
602,123,2025-02-25,200.0,paid
603,123,2025-03-25,200.0,paid
604,123,2025-04-24,200.0,paid
605,124,2025-05-20,10.0,paid
606,125,2024-09-13,20.0,paid
607,125,2024-10-10,20.0,paid
608,125,2024-11-09,20.0,paid
609,125,2024-12-10,20.0,paid
610,125,2025-01-13,20.0,paid
611,125,2025-02-10,20.0,paid
612,125,2025-03-11,20.0,paid
613,125,2025-04-07,20.0,paid
614,125,2025-05-12,20.0,paid
615,125,2025-06-07,20.0,paid
616,125,2025-07-11,20.0,paid
617,125,2025-08-09,20.0,paid
618,127,2024-12-29,0.0,paid
619,127,2025-01-25,0.0,paid
620,128,2025-01-29,200.0,paid
621,128,2025-03-03,200.0,paid
622,128,2025-03-27,200.0,paid
623,128,2025-04-29,200.0,paid
624,128,2025-05-27,200.0,paid
625,128,2025-06-29,200.0,paid
626,128,2025-07-28,200.0,paid
627,128,2025-08-27,200.0,paid
628,128,2025-09-27,200.0,paid
629,128,2025-10-23,200.0,paid
630,128,2025-11-26,200.0,failed
631,129,2025-01-04,60.0,paid
632,129,2025-02-04,60.0,paid
633,129,2025-03-02,60.0,failed
634,129,2025-04-04,60.0,paid
635,129,2025-04-29,60.0,paid
636,129,2025-06-01,60.0,paid
637,129,2025-06-30,60.0,paid
638,129,2025-08-03,60.0,paid
639,129,2025-08-27,60.0,failed
640,129,2025-10-01,60.0,paid
641,130,2025-07-26,200.0,paid
642,130,2025-08-21,200.0,paid
643,130,2025-09-20,200.0,paid
644,130,2025-10-23,200.0,paid
645,130,2025-11-21,200.0,paid
646,131,2024-11-10,60.0,paid
647,131,2024-12-06,60.0,paid
648,131,2025-01-05,60.0,paid
649,131,2025-02-07,60.0,paid
650,132,2024-10-12,60.0,paid
651,132,2024-11-12,60.0,paid
652,132,2024-12-10,60.0,paid
653,133,2025-02-10,200.0,paid
654,133,2025-03-17,200.0,paid
655,133,2025-04-15,200.0,paid
656,133,2025-05-15,200.0,paid
657,133,2025-06-14,200.0,paid
658,133,2025-07-12,200.0,paid
659,133,2025-08-10,200.0,paid
660,133,2025-09-10,200.0,failed
661,133,2025-10-10,200.0,paid
662,133,2025-11-12,200.0,paid
663,134,2025-01-04,200.0,paid
664,134,2025-02-08,200.0,paid
665,134,2025-03-10,200.0,paid
666,134,2025-04-10,200.0,paid
667,134,2025-05-08,200.0,paid
668,134,2025-06-04,200.0,paid
669,134,2025-07-08,200.0,paid
670,134,2025-08-08,200.0,failed
671,134,2025-09-03,200.0,paid
672,135,2024-09-04,200.0,failed
673,135,2024-10-07,200.0,paid
674,135,2024-11-05,200.0,paid
675,135,2024-12-06,200.0,failed
676,136,2025-06-14,60.0,paid
677,136,2025-07-10,60.0,paid
678,136,2025-08-14,60.0,paid
679,136,2025-09-07,60.0,paid
680,136,2025-10-13,60.0,paid
681,138,2025-04-05,20.0,paid
682,138,2025-05-06,20.0,paid
683,138,2025-06-07,20.0,paid
684,140,2025-10-17,200.0,paid
685,140,2025-11-15,200.0,paid
686,141,2025-09-22,200.0,paid
687,141,2025-10-17,200.0,paid
688,141,2025-11-16,200.0,paid
689,142,2025-05-15,200.0,paid
690,142,2025-06-15,200.0,paid
691,142,2025-07-14,200.0,paid
692,142,2025-08-17,200.0,paid
693,142,2025-09-17,200.0,paid
694,142,2025-10-11,200.0,paid
695,142,2025-11-10,200.0,paid
696,143,2024-10-19,20.0,paid
697,143,2024-11-19,20.0,paid
698,143,2024-12-21,20.0,paid
699,143,2025-01-14,20.0,paid
700,143,2025-02-14,20.0,paid
701,143,2025-03-16,20.0,failed
702,143,2025-04-14,20.0,paid
703,143,2025-05-14,20.0,paid
704,143,2025-06-17,20.0,failed
705,143,2025-07-13,20.0,paid
706,143,2025-08-15,20.0,paid
707,143,2025-09-15,20.0,paid
708,143,2025-10-16,20.0,paid
709,144,2025-11-30,200.0,paid
710,145,2025-04-24,200.0,paid
711,145,2025-05-19,200.0,paid
712,145,2025-06-21,200.0,paid
713,145,2025-07-21,200.0,paid
714,145,2025-08-18,200.0,paid
715,145,2025-09-20,200.0,paid
716,146,2025-10-10,10.0,paid
717,147,2024-08-25,200.0,paid
718,147,2024-09-24,200.0,paid
719,147,2024-10-18,200.0,paid
720,147,2024-11-18,200.0,paid
721,147,2024-12-21,200.0,paid
722,147,2025-01-18,200.0,paid
723,147,2025-02-16,200.0,paid
724,147,2025-03-23,200.0,paid
725,147,2025-04-21,200.0,paid
726,147,2025-05-20,200.0,paid
727,147,2025-06-17,200.0,paid
728,147,2025-07-19,200.0,paid
729,147,2025-08-18,200.0,paid
730,147,2025-09-19,200.0,paid
731,147,2025-10-18,200.0,paid
732,148,2025-01-10,200.0,paid
733,148,2025-02-10,200.0,paid
734,148,2025-03-11,200.0,paid
735,148,2025-04-14,200.0,paid
736,148,2025-05-13,200.0,failed
737,148,2025-06-09,200.0,paid
738,148,2025-07-11,200.0,paid
739,148,2025-08-09,200.0,paid
740,149,2024-08-30,200.0,paid
741,149,2024-10-03,200.0,paid
742,149,2024-11-02,200.0,failed
743,149,2024-12-03,200.0,paid
744,149,2024-12-29,200.0,paid
745,149,2025-02-01,200.0,paid
746,149,2025-03-03,200.0,paid
747,150,2024-08-30,20.0,paid
748,150,2024-09-28,20.0,paid
749,150,2024-10-25,20.0,failed
750,150,2024-11-26,20.0,paid
751,150,2024-12-29,20.0,paid
752,150,2025-01-28,20.0,paid
753,150,2025-02-25,20.0,paid
754,150,2025-03-30,20.0,paid
755,150,2025-04-27,20.0,paid
756,151,2025-02-24,20.0,paid
757,151,2025-03-24,20.0,paid
758,151,2025-04-23,20.0,paid
759,151,2025-05-21,20.0,failed
760,151,2025-06-21,20.0,paid
761,151,2025-07-22,20.0,paid
762,151,2025-08-19,20.0,paid
763,151,2025-09-23,20.0,paid
764,152,2025-02-25,10.0,paid
765,153,2025-02-11,60.0,paid
766,153,2025-03-18,60.0,paid
767,153,2025-04-12,60.0,paid
768,153,2025-05-13,60.0,paid
769,153,2025-06-16,60.0,paid
770,153,2025-07-15,60.0,paid
771,153,2025-08-10,60.0,paid
772,153,2025-09-14,60.0,paid
773,153,2025-10-11,60.0,paid
774,153,2025-11-07,60.0,paid
775,154,2024-12-25,10.0,paid
776,154,2025-01-23,20.0,paid
777,155,2025-07-15,20.0,paid
778,155,2025-08-14,20.0,paid
779,155,2025-09-10,20.0,paid
780,155,2025-10-12,20.0,paid
781,155,2025-11-09,20.0,paid
782,156,2024-11-04,20.0,paid
783,156,2024-12-07,20.0,paid
784,156,2025-01-01,20.0,failed
785,156,2025-02-03,20.0,paid
786,156,2025-03-08,20.0,paid
787,156,2025-04-03,20.0,paid
788,157,2025-09-29,200.0,paid
789,157,2025-10-30,200.0,paid
790,157,2025-11-30,200.0,paid
791,158,2024-12-28,200.0,failed
792,158,2025-01-28,200.0,paid
793,158,2025-03-01,200.0,paid
794,159,2025-10-01,200.0,paid
795,159,2025-10-27,200.0,failed
796,159,2025-12-02,200.0,paid
797,160,2024-11-02,200.0,paid
798,160,2024-12-02,200.0,paid
799,160,2024-12-30,200.0,paid
800,160,2025-01-30,200.0,paid
801,160,2025-03-01,200.0,paid
802,160,2025-03-30,200.0,paid
803,161,2024-08-01,60.0,paid
804,161,2024-08-29,60.0,paid
805,161,2024-10-03,60.0,paid
806,161,2024-10-29,60.0,paid
807,161,2024-11-28,60.0,paid
808,161,2024-12-26,60.0,paid
809,162,2025-01-29,200.0,paid
810,162,2025-03-04,200.0,paid
811,162,2025-03-29,200.0,paid
812,162,2025-05-03,200.0,paid
813,162,2025-06-03,200.0,paid
814,162,2025-06-30,200.0,paid
815,163,2025-04-23,20.0,paid
816,163,2025-05-22,20.0,paid
817,163,2025-06-22,20.0,failed
818,163,2025-07-18,20.0,paid
819,163,2025-08-19,20.0,paid
820,163,2025-09-16,20.0,paid
821,164,2025-02-25,200.0,paid
822,164,2025-03-31,200.0,paid
823,164,2025-04-26,200.0,paid
824,164,2025-05-27,200.0,paid
825,164,2025-06-26,200.0,paid
826,164,2025-07-27,200.0,paid
827,164,2025-08-27,200.0,paid
828,164,2025-09-23,200.0,paid
829,164,2025-10-23,200.0,paid
830,164,2025-11-22,200.0,paid
831,165,2025-11-03,60.0,paid
832,166,2024-10-17,200.0,paid
833,166,2024-11-15,200.0,paid
834,166,2024-12-13,200.0,paid
835,166,2025-01-15,200.0,paid
836,167,2025-07-23,200.0,paid
837,167,2025-08-23,200.0,paid
838,167,2025-09-22,200.0,paid
839,167,2025-10-23,200.0,paid
840,167,2025-11-19,200.0,paid
841,168,2025-11-07,200.0,paid
842,169,2025-07-16,20.0,paid
843,169,2025-08-17,20.0,paid
844,169,2025-09-16,20.0,paid
845,170,2025-10-14,200.0,paid
846,170,2025-11-11,200.0,paid
847,171,2024-12-30,200.0,paid
848,171,2025-01-30,200.0,paid
849,171,2025-02-28,200.0,paid
850,171,2025-04-01,200.0,paid
851,171,2025-05-02,200.0,paid
852,172,2025-01-02,200.0,paid
853,172,2025-02-02,200.0,paid
854,172,2025-03-05,200.0,paid
855,172,2025-04-04,200.0,paid
856,172,2025-05-01,200.0,paid
857,172,2025-05-31,200.0,paid
858,173,2025-02-24,60.0,paid
859,173,2025-03-23,60.0,paid
860,173,2025-04-24,60.0,paid
861,173,2025-05-24,60.0,paid
862,173,2025-06-23,60.0,paid
863,173,2025-07-21,60.0,paid
864,173,2025-08-20,60.0,paid
865,173,2025-09-17,60.0,failed
866,173,2025-10-21,60.0,paid
867,173,2025-11-21,60.0,paid
868,174,2025-09-08,10.0,paid
869,175,2025-10-12,20.0,paid
870,175,2025-11-10,20.0,paid
871,178,2025-06-30,20.0,paid
872,178,2025-07-31,20.0,paid
873,178,2025-08-25,20.0,paid
874,178,2025-09-28,20.0,paid
875,178,2025-10-24,20.0,paid
876,179,2024-08-08,20.0,paid
877,179,2024-09-06,20.0,paid
878,179,2024-10-01,20.0,failed
879,179,2024-11-06,20.0,paid
880,180,2024-08-13,60.0,paid
881,180,2024-09-10,60.0,paid
882,180,2024-10-15,60.0,paid
883,181,2025-06-12,20.0,paid
884,181,2025-07-11,20.0,paid
885,181,2025-08-15,20.0,paid
886,181,2025-09-10,20.0,paid
887,181,2025-10-09,20.0,paid
888,181,2025-11-09,20.0,paid
889,183,2025-01-16,200.0,paid
890,183,2025-02-13,200.0,paid
891,183,2025-03-19,200.0,paid
892,183,2025-04-19,200.0,paid
893,183,2025-05-19,200.0,paid
894,183,2025-06-17,200.0,paid
895,183,2025-07-16,200.0,paid
896,183,2025-08-17,200.0,paid
897,183,2025-09-14,200.0,paid
898,183,2025-10-11,200.0,paid
899,184,2025-05-14,20.0,paid
900,184,2025-06-13,20.0,paid
901,184,2025-07-12,20.0,paid
902,185,2025-08-17,0.0,paid
903,185,2025-09-16,10.0,paid
904,186,2025-10-23,200.0,paid
905,186,2025-11-19,200.0,paid
906,187,2024-11-15,60.0,paid
907,187,2024-12-19,60.0,failed
908,187,2025-01-20,60.0,paid
909,187,2025-02-18,60.0,paid
910,187,2025-03-20,60.0,failed
911,187,2025-04-17,60.0,paid
912,187,2025-05-20,60.0,failed
913,188,2025-11-17,200.0,paid
914,189,2025-08-14,60.0,paid
915,189,2025-09-13,60.0,paid
916,189,2025-10-13,60.0,paid
917,189,2025-11-15,60.0,paid
918,190,2024-08-22,200.0,paid
919,190,2024-09-17,200.0,paid
920,190,2024-10-17,200.0,failed
921,190,2024-11-20,200.0,paid
922,190,2024-12-17,200.0,paid
923,190,2025-01-13,200.0,paid
924,190,2025-02-14,200.0,paid
925,191,2025-06-05,200.0,paid
926,191,2025-07-06,200.0,paid
927,191,2025-08-02,200.0,paid
928,191,2025-09-05,200.0,paid
929,191,2025-10-01,200.0,paid
930,191,2025-11-01,200.0,paid
931,192,2024-08-15,60.0,paid
932,192,2024-09-15,60.0,paid
933,192,2024-10-14,60.0,failed
934,192,2024-11-14,60.0,paid
935,194,2025-02-17,20.0,paid
936,194,2025-03-22,20.0,paid
937,194,2025-04-21,20.0,failed
938,195,2024-08-15,60.0,paid
939,195,2024-09-13,60.0,paid
940,195,2024-10-10,60.0,paid
941,195,2024-11-14,60.0,paid
942,195,2024-12-09,60.0,failed
943,195,2025-01-13,60.0,paid
944,195,2025-02-08,60.0,paid
945,195,2025-03-09,60.0,paid
946,195,2025-04-11,60.0,paid
947,196,2025-11-05,60.0,paid
948,197,2025-05-31,20.0,failed
949,197,2025-07-02,20.0,failed
950,197,2025-07-26,20.0,paid
951,197,2025-08-29,20.0,paid
952,197,2025-09-24,20.0,paid
953,197,2025-10-25,20.0,paid
954,197,2025-11-24,20.0,paid
955,198,2024-12-05,60.0,paid
956,198,2025-01-03,60.0,failed
957,198,2025-02-01,60.0,paid
958,198,2025-03-01,60.0,paid
959,198,2025-03-31,60.0,paid
960,198,2025-05-05,60.0,paid
961,198,2025-06-01,60.0,paid
962,198,2025-07-03,60.0,paid
963,198,2025-08-02,60.0,paid
964,198,2025-09-02,60.0,paid
965,198,2025-09-27,60.0,paid
966,198,2025-10-28,60.0,paid
967,198,2025-12-02,60.0,paid
968,201,2025-03-28,200.0,paid
969,201,2025-04-30,200.0,paid
970,201,2025-05-27,200.0,paid
971,202,2025-04-03,200.0,paid
972,202,2025-05-02,200.0,paid
973,202,2025-06-02,200.0,paid
974,202,2025-06-29,200.0,paid
975,202,2025-07-26,200.0,paid
976,202,2025-08-27,200.0,paid
977,202,2025-09-25,200.0,paid
978,202,2025-10-28,200.0,paid
979,202,2025-11-24,200.0,paid
980,204,2025-02-06,200.0,paid
981,204,2025-03-07,200.0,paid
982,204,2025-04-04,200.0,paid
983,204,2025-05-05,200.0,paid
984,204,2025-06-07,200.0,paid
985,204,2025-07-06,200.0,paid
986,204,2025-08-01,200.0,failed
987,204,2025-09-05,200.0,paid
988,204,2025-10-04,200.0,paid
989,205,2025-03-25,60.0,paid
990,205,2025-04-28,60.0,failed
991,205,2025-05-29,60.0,paid
992,205,2025-06-25,60.0,paid
993,205,2025-07-23,60.0,paid
994,205,2025-08-22,60.0,paid
995,205,2025-09-24,60.0,paid
996,205,2025-10-22,60.0,paid
997,205,2025-11-26,60.0,paid
998,206,2024-08-06,200.0,paid
999,206,2024-09-07,200.0,paid
1000,206,2024-10-05,200.0,paid
1001,206,2024-11-04,200.0,paid
1002,206,2024-12-03,200.0,paid
1003,206,2025-01-05,200.0,paid
1004,206,2025-01-31,200.0,paid
1005,206,2025-02-28,200.0,paid
1006,207,2024-12-28,200.0,paid
1007,207,2025-01-31,200.0,paid
1008,207,2025-02-27,200.0,paid
1009,207,2025-03-29,200.0,paid
1010,207,2025-04-26,200.0,paid
1011,207,2025-05-27,200.0,failed
1012,207,2025-06-28,200.0,paid
1013,207,2025-07-27,200.0,paid
1014,207,2025-08-26,200.0,paid
1015,207,2025-09-23,200.0,paid
1016,207,2025-10-27,200.0,failed
1017,207,2025-11-25,200.0,paid
1018,208,2025-02-25,60.0,paid
1019,208,2025-04-02,60.0,paid
1020,208,2025-04-30,60.0,failed
1021,208,2025-05-28,60.0,paid
1022,208,2025-07-01,60.0,paid
1023,208,2025-07-26,60.0,failed
1024,208,2025-08-29,60.0,failed
1025,208,2025-09-23,60.0,paid
1026,208,2025-10-23,60.0,paid
1027,209,2025-04-08,20.0,paid
1028,209,2025-05-10,20.0,paid
1029,209,2025-06-11,20.0,paid
1030,209,2025-07-12,20.0,paid
1031,209,2025-08-10,20.0,paid
1032,209,2025-09-05,20.0,paid
1033,209,2025-10-09,20.0,paid
1034,210,2025-01-12,20.0,paid
1035,210,2025-02-11,20.0,failed
1036,210,2025-03-11,20.0,paid
1037,210,2025-04-10,20.0,paid
1038,210,2025-05-10,20.0,paid
1039,210,2025-06-11,20.0,paid
1040,210,2025-07-12,20.0,paid
1041,210,2025-08-10,20.0,paid
1042,210,2025-09-13,20.0,paid
1043,211,2025-05-17,200.0,paid
1044,211,2025-06-17,200.0,paid
1045,211,2025-07-16,200.0,paid
1046,211,2025-08-16,200.0,failed
1047,211,2025-09-17,200.0,paid
1048,211,2025-10-17,200.0,paid
1049,211,2025-11-17,200.0,paid
1050,212,2025-02-23,10.0,paid
1051,213,2025-05-18,20.0,paid
1052,213,2025-06-14,20.0,paid
1053,213,2025-07-14,20.0,paid
1054,213,2025-08-13,20.0,paid
1055,213,2025-09-14,20.0,paid
1056,213,2025-10-16,20.0,paid
1057,213,2025-11-11,20.0,paid
1058,214,2024-12-01,60.0,paid
1059,214,2024-12-27,60.0,paid
1060,214,2025-01-30,60.0,failed
1061,214,2025-02-26,60.0,paid
1062,214,2025-03-25,60.0,paid
1063,214,2025-04-26,60.0,paid
1064,214,2025-05-27,60.0,paid
1065,214,2025-06-26,60.0,paid
1066,214,2025-07-29,60.0,paid
1067,214,2025-08-22,60.0,paid
1068,214,2025-09-26,60.0,failed
1069,214,2025-10-25,60.0,paid
1070,215,2025-11-19,60.0,paid
1071,216,2025-10-19,60.0,failed
1072,216,2025-11-16,60.0,paid
1073,217,2025-07-24,20.0,paid
1074,218,2025-11-19,200.0,paid
1075,219,2024-07-28,60.0,paid
1076,219,2024-08-26,60.0,paid
1077,219,2024-09-26,60.0,paid
1078,219,2024-10-28,60.0,paid
1079,219,2024-11-26,60.0,paid
1080,219,2024-12-27,60.0,paid
1081,219,2025-01-25,60.0,paid
1082,219,2025-02-25,60.0,paid
1083,219,2025-03-30,60.0,paid
1084,219,2025-04-23,60.0,paid
1085,220,2025-05-27,60.0,paid
1086,220,2025-06-25,60.0,paid
1087,220,2025-07-29,60.0,paid
1088,220,2025-08-28,60.0,paid
1089,220,2025-09-25,60.0,paid
1090,220,2025-10-26,60.0,paid
1091,220,2025-11-25,60.0,paid
1092,221,2024-07-31,20.0,paid
1093,223,2025-10-07,20.0,paid
1094,223,2025-11-07,20.0,paid
1095,224,2025-01-24,20.0,failed
1096,224,2025-02-27,20.0,paid
1097,224,2025-03-27,20.0,paid
1098,224,2025-04-25,20.0,paid
1099,224,2025-05-28,20.0,paid
1100,224,2025-06-27,20.0,paid
1101,224,2025-07-23,20.0,paid
1102,224,2025-08-23,20.0,paid
1103,224,2025-09-21,20.0,paid
1104,225,2025-08-06,20.0,paid
1105,225,2025-09-05,20.0,paid
1106,225,2025-10-05,20.0,paid
1107,225,2025-11-03,20.0,paid
1108,225,2025-12-02,20.0,paid
1109,226,2024-06-14,200.0,paid
1110,226,2024-07-16,200.0,paid
1111,226,2024-08-16,200.0,paid
1112,226,2024-09-11,200.0,paid
1113,226,2024-10-13,200.0,paid
1114,226,2024-11-11,200.0,paid
1115,226,2024-12-10,200.0,paid
1116,227,2024-09-04,200.0,paid
1117,227,2024-10-04,200.0,paid
1118,227,2024-11-06,200.0,paid
1119,227,2024-12-06,200.0,failed
1120,227,2025-01-05,200.0,paid
1121,227,2025-02-02,200.0,paid
1122,227,2025-03-05,200.0,paid
1123,227,2025-04-06,200.0,paid
1124,227,2025-05-01,200.0,paid
1125,229,2025-05-04,60.0,paid
1126,229,2025-06-02,60.0,failed
1127,229,2025-07-06,60.0,paid
1128,229,2025-08-05,60.0,paid
1129,229,2025-09-01,60.0,paid
1130,229,2025-09-30,60.0,paid
1131,229,2025-10-28,60.0,paid
1132,229,2025-12-01,60.0,paid
1133,230,2025-09-11,20.0,paid
1134,230,2025-10-11,20.0,paid
1135,230,2025-11-07,20.0,paid
1136,231,2025-06-09,20.0,paid
1137,231,2025-07-05,20.0,paid
1138,231,2025-08-09,20.0,paid
1139,231,2025-09-06,20.0,paid
1140,231,2025-10-08,20.0,failed
1141,231,2025-11-03,20.0,paid
1142,232,2025-11-29,200.0,paid
1143,234,2025-04-06,60.0,paid
1144,234,2025-05-12,60.0,paid
1145,234,2025-06-11,60.0,paid
1146,234,2025-07-11,60.0,paid
1147,234,2025-08-10,60.0,paid
1148,234,2025-09-06,60.0,paid
1149,234,2025-10-08,60.0,paid
1150,234,2025-11-05,60.0,failed
1151,235,2024-08-24,20.0,paid
1152,235,2024-09-22,20.0,paid
1153,235,2024-10-23,20.0,failed
1154,235,2024-11-25,20.0,paid
1155,235,2024-12-21,20.0,failed
1156,235,2025-01-24,20.0,paid
1157,235,2025-02-21,20.0,paid
1158,235,2025-03-26,20.0,paid
1159,235,2025-04-22,20.0,paid
1160,235,2025-05-19,20.0,paid
1161,235,2025-06-21,20.0,paid
1162,235,2025-07-22,20.0,paid
1163,235,2025-08-20,20.0,paid
1164,236,2025-03-07,200.0,paid
1165,236,2025-04-07,200.0,paid
1166,236,2025-05-07,200.0,paid
1167,236,2025-06-08,200.0,paid
1168,236,2025-07-07,200.0,paid
1169,236,2025-08-04,200.0,paid
1170,236,2025-09-04,200.0,paid
1171,236,2025-09-30,200.0,paid
1172,236,2025-11-05,200.0,paid
1173,236,2025-12-01,200.0,paid
1174,237,2025-08-08,20.0,paid
1175,237,2025-09-07,20.0,paid
1176,237,2025-10-08,20.0,paid
1177,237,2025-11-02,20.0,failed
1178,237,2025-12-02,20.0,failed
1179,239,2025-10-04,60.0,paid
1180,239,2025-11-03,60.0,paid
1181,239,2025-11-30,60.0,paid
1182,241,2024-08-11,200.0,paid
1183,241,2024-09-06,200.0,paid
1184,241,2024-10-10,200.0,paid
1185,241,2024-11-10,200.0,paid
1186,241,2024-12-10,200.0,paid
1187,241,2025-01-09,200.0,paid
1188,241,2025-02-06,200.0,paid
1189,241,2025-03-11,200.0,paid
1190,241,2025-04-06,200.0,failed
1191,241,2025-05-10,200.0,paid
1192,241,2025-06-06,200.0,paid
1193,241,2025-07-03,200.0,paid
1194,241,2025-08-02,200.0,paid
1195,242,2025-02-26,200.0,failed
1196,242,2025-03-27,200.0,paid
1197,242,2025-04-29,200.0,paid
1198,242,2025-05-30,200.0,paid
1199,243,2025-09-12,200.0,failed
1200,243,2025-10-12,200.0,failed
1201,243,2025-11-12,200.0,paid
1202,244,2025-01-04,0.0,paid
1203,246,2025-03-01,20.0,paid
1204,246,2025-04-01,20.0,paid
1205,246,2025-05-01,20.0,paid
1206,246,2025-06-03,20.0,paid
1207,246,2025-07-02,20.0,paid
1208,246,2025-07-31,20.0,failed
1209,246,2025-08-31,20.0,paid
1210,246,2025-09-29,20.0,paid
1211,246,2025-10-26,20.0,paid
1212,246,2025-11-26,20.0,paid
1213,247,2024-08-08,60.0,paid
1214,247,2024-09-04,60.0,paid
1215,247,2024-10-06,60.0,paid
1216,248,2025-05-28,200.0,failed
1217,248,2025-06-27,200.0,paid
1218,248,2025-08-02,200.0,paid
1219,248,2025-08-31,200.0,paid
1220,248,2025-09-26,200.0,paid
1221,248,2025-10-27,200.0,paid
1222,248,2025-11-26,200.0,failed
1223,249,2025-09-03,60.0,paid
1224,249,2025-09-28,60.0,paid
1225,249,2025-10-31,60.0,paid
1226,249,2025-11-29,60.0,paid
1227,250,2024-10-07,60.0,paid
1228,250,2024-11-09,60.0,paid
1229,250,2024-12-11,60.0,failed
1230,250,2025-01-10,60.0,failed
1231,250,2025-02-07,60.0,paid
1232,250,2025-03-08,60.0,paid
1233,250,2025-04-05,60.0,paid
1234,250,2025-05-07,60.0,paid
1235,250,2025-06-04,60.0,paid
1236,250,2025-07-10,60.0,paid
1237,251,2025-08-14,60.0,paid
1238,251,2025-09-13,60.0,paid
1239,251,2025-10-19,60.0,paid
1240,251,2025-11-14,60.0,paid
1241,252,2024-10-09,60.0,paid
1242,252,2024-11-09,60.0,paid
1243,252,2024-12-04,60.0,paid
1244,252,2025-01-07,60.0,paid
1245,253,2024-10-19,200.0,paid
1246,253,2024-11-15,200.0,paid
1247,253,2024-12-18,200.0,paid
1248,253,2025-01-14,200.0,paid
1249,253,2025-02-14,200.0,paid
1250,253,2025-03-18,200.0,paid
1251,254,2025-09-03,60.0,paid
1252,254,2025-10-01,60.0,paid
1253,254,2025-11-05,60.0,paid
1254,254,2025-12-02,60.0,paid
1255,255,2025-01-03,200.0,paid
1256,255,2025-02-06,200.0,paid
1257,255,2025-03-08,200.0,paid
1258,255,2025-04-05,200.0,paid
1259,255,2025-05-05,200.0,paid
1260,256,2024-06-26,200.0,paid
1261,256,2024-07-25,200.0,paid
1262,256,2024-08-21,200.0,paid
1263,257,2024-10-06,20.0,paid
1264,257,2024-11-04,20.0,paid
1265,257,2024-12-04,20.0,paid
1266,257,2024-12-31,20.0,paid
1267,257,2025-02-04,20.0,failed
1268,257,2025-03-02,20.0,paid
1269,257,2025-04-01,20.0,paid
1270,257,2025-05-02,20.0,paid
1271,257,2025-06-05,20.0,paid
1272,257,2025-07-04,20.0,paid
1273,258,2024-06-23,200.0,paid
1274,258,2024-07-17,200.0,paid
1275,258,2024-08-20,200.0,paid
1276,258,2024-09-15,200.0,paid
1277,258,2024-10-21,200.0,paid
1278,258,2024-11-20,200.0,paid
1279,258,2024-12-18,200.0,paid
1280,258,2025-01-14,200.0,paid
1281,258,2025-02-14,200.0,paid
1282,258,2025-03-16,200.0,paid
1283,258,2025-04-14,200.0,failed
1284,258,2025-05-16,200.0,paid
1285,258,2025-06-12,200.0,paid
1286,258,2025-07-14,200.0,paid
1287,258,2025-08-16,200.0,paid
1288,259,2024-09-07,20.0,paid
1289,259,2024-10-08,20.0,paid
1290,259,2024-11-04,20.0,paid
1291,259,2024-12-06,20.0,paid
1292,259,2025-01-04,20.0,paid
1293,259,2025-02-04,20.0,paid
1294,259,2025-03-05,20.0,paid
1295,259,2025-04-05,20.0,paid
1296,259,2025-05-01,20.0,paid
1297,259,2025-06-02,20.0,paid
1298,260,2025-03-07,60.0,paid
1299,260,2025-04-03,60.0,paid
1300,260,2025-05-04,60.0,paid
1301,260,2025-05-31,60.0,paid
1302,260,2025-07-05,60.0,paid
1303,260,2025-08-03,60.0,paid
1304,260,2025-09-02,60.0,paid
1305,260,2025-10-03,60.0,paid
1306,262,2025-11-04,20.0,paid
1307,263,2025-01-20,200.0,paid
1308,263,2025-02-15,200.0,paid
1309,263,2025-03-18,200.0,paid
1310,263,2025-04-15,200.0,paid
1311,265,2024-08-16,20.0,paid
1312,265,2024-09-13,20.0,paid
1313,265,2024-10-14,20.0,paid
1314,265,2024-11-14,20.0,paid
1315,265,2024-12-17,20.0,paid
1316,265,2025-01-12,20.0,paid
1317,266,2024-07-10,60.0,paid
1318,266,2024-08-09,60.0,paid
1319,266,2024-09-09,60.0,paid
1320,266,2024-10-06,60.0,paid
1321,266,2024-11-08,60.0,failed
1322,266,2024-12-07,60.0,paid
1323,266,2025-01-06,60.0,paid
1324,266,2025-02-03,60.0,paid
1325,266,2025-03-07,60.0,paid
1326,266,2025-04-08,60.0,paid
1327,266,2025-05-07,60.0,paid
1328,267,2024-10-05,200.0,paid
1329,267,2024-10-31,200.0,paid
1330,267,2024-12-03,200.0,paid
1331,267,2024-12-30,200.0,paid
1332,267,2025-01-31,200.0,paid
1333,267,2025-03-01,200.0,paid
1334,267,2025-03-30,200.0,paid
1335,267,2025-04-29,200.0,failed
1336,267,2025-05-30,200.0,paid
1337,267,2025-07-03,200.0,paid
1338,267,2025-07-30,200.0,paid
1339,267,2025-08-30,200.0,paid
1340,267,2025-09-25,200.0,paid
1341,267,2025-10-31,200.0,paid
1342,268,2025-03-25,20.0,paid
1343,268,2025-04-27,20.0,paid
1344,268,2025-05-25,20.0,paid
1345,268,2025-06-24,20.0,paid
1346,268,2025-07-29,20.0,paid
1347,268,2025-08-25,20.0,paid
1348,268,2025-09-25,20.0,paid
1349,268,2025-10-25,20.0,paid
1350,269,2024-11-05,20.0,paid
1351,269,2024-12-05,20.0,failed
1352,269,2025-01-06,20.0,paid
1353,269,2025-02-03,20.0,paid
1354,269,2025-03-05,20.0,paid
1355,269,2025-04-06,20.0,paid
1356,269,2025-05-07,20.0,paid
1357,269,2025-06-03,20.0,paid
1358,269,2025-07-03,20.0,paid
1359,269,2025-07-31,20.0,paid
1360,269,2025-08-29,20.0,failed
1361,269,2025-10-02,20.0,paid
1362,269,2025-10-28,20.0,paid
1363,270,2025-09-25,200.0,paid
1364,270,2025-10-20,200.0,paid
1365,270,2025-11-20,200.0,paid
1366,272,2025-02-14,200.0,failed
1367,272,2025-03-19,200.0,paid
1368,272,2025-04-16,200.0,paid
1369,272,2025-05-15,200.0,failed
1370,272,2025-06-19,200.0,paid
1371,272,2025-07-16,200.0,paid
1372,272,2025-08-16,200.0,paid
1373,273,2025-07-06,200.0,paid
1374,273,2025-08-05,200.0,paid
1375,273,2025-09-01,200.0,paid
1376,273,2025-10-02,200.0,paid
1377,273,2025-11-01,200.0,paid
1378,273,2025-11-27,200.0,failed
1379,274,2024-12-13,200.0,paid
1380,274,2025-01-16,200.0,failed
1381,274,2025-02-13,200.0,paid
1382,274,2025-03-17,200.0,paid
1383,275,2024-08-24,20.0,paid
1384,275,2024-09-25,20.0,paid
1385,275,2024-10-25,20.0,paid
1386,275,2024-11-18,20.0,paid
1387,275,2024-12-24,20.0,paid
1388,275,2025-01-22,20.0,paid
1389,275,2025-02-19,20.0,failed
1390,275,2025-03-22,20.0,paid
1391,276,2025-04-02,20.0,paid
1392,276,2025-04-29,20.0,paid
1393,276,2025-06-03,20.0,paid
1394,276,2025-07-04,20.0,paid
1395,276,2025-08-02,20.0,paid
1396,276,2025-09-02,20.0,failed
1397,277,2024-10-07,60.0,paid
1398,277,2024-11-10,60.0,failed
1399,277,2024-12-04,60.0,paid
1400,277,2025-01-06,60.0,paid
1401,277,2025-02-04,60.0,paid
1402,277,2025-03-06,60.0,paid
1403,278,2024-08-05,200.0,paid
1404,278,2024-09-07,200.0,paid
1405,278,2024-10-01,200.0,paid
1406,278,2024-11-06,200.0,paid
1407,281,2024-09-06,200.0,paid
1408,281,2024-10-06,200.0,paid
1409,281,2024-11-10,200.0,paid
1410,281,2024-12-09,200.0,paid
1411,281,2025-01-07,200.0,paid
1412,281,2025-02-07,200.0,paid
1413,281,2025-03-06,200.0,paid
1414,281,2025-04-09,200.0,paid
1415,281,2025-05-08,200.0,paid
1416,281,2025-06-06,200.0,paid
1417,281,2025-07-07,200.0,paid
1418,281,2025-08-04,200.0,paid
1419,281,2025-09-01,200.0,failed
1420,281,2025-10-04,200.0,paid
1421,281,2025-10-31,200.0,failed
1422,282,2025-11-15,200.0,paid
1423,283,2025-06-30,200.0,paid
1424,283,2025-07-24,200.0,paid
1425,283,2025-08-27,200.0,paid
1426,283,2025-09-24,200.0,paid
1427,283,2025-10-26,200.0,paid
1428,283,2025-11-23,200.0,paid
1429,284,2025-03-07,200.0,paid
1430,284,2025-04-03,200.0,paid
1431,284,2025-05-04,200.0,paid
1432,284,2025-06-06,200.0,paid
1433,284,2025-07-03,200.0,paid
1434,284,2025-08-02,200.0,paid
1435,284,2025-09-03,200.0,paid
1436,284,2025-10-01,200.0,paid
1437,284,2025-11-04,200.0,failed
1438,284,2025-12-02,200.0,paid
1439,285,2025-09-09,200.0,paid
1440,285,2025-10-14,200.0,paid
1441,285,2025-11-13,200.0,paid
1442,287,2025-09-22,60.0,paid
1443,287,2025-10-26,60.0,paid
1444,287,2025-11-24,60.0,paid
1445,288,2025-04-16,200.0,paid
1446,288,2025-05-17,200.0,failed
1447,288,2025-06-11,200.0,paid
1448,288,2025-07-11,200.0,paid
1449,288,2025-08-10,200.0,paid
1450,289,2025-08-23,200.0,paid
1451,289,2025-09-26,200.0,paid
1452,289,2025-10-21,200.0,failed
1453,289,2025-11-25,200.0,paid
1454,292,2025-02-05,60.0,paid
1455,292,2025-03-07,60.0,paid
1456,292,2025-04-04,60.0,paid
1457,292,2025-05-07,60.0,paid
1458,292,2025-06-07,60.0,paid
1459,292,2025-07-04,60.0,paid
1460,292,2025-08-06,60.0,failed
1461,292,2025-09-03,60.0,paid
1462,292,2025-10-03,60.0,paid
1463,292,2025-11-02,60.0,paid
1464,292,2025-11-29,60.0,paid
1465,293,2024-09-20,20.0,paid
1466,293,2024-10-14,20.0,paid
1467,293,2024-11-16,20.0,paid
1468,293,2024-12-17,20.0,paid
1469,293,2025-01-17,20.0,paid
1470,293,2025-02-13,20.0,paid
1471,293,2025-03-18,20.0,paid
1472,293,2025-04-14,20.0,paid
1473,293,2025-05-15,20.0,paid
1474,293,2025-06-14,20.0,paid
1475,293,2025-07-13,20.0,failed
1476,293,2025-08-14,20.0,paid
1477,293,2025-09-09,20.0,paid
1478,293,2025-10-15,20.0,paid
1479,293,2025-11-14,20.0,paid
1480,294,2024-10-04,20.0,paid
1481,294,2024-11-08,20.0,paid
1482,294,2024-12-06,20.0,paid
1483,294,2025-01-07,20.0,paid
1484,294,2025-02-06,20.0,paid
1485,294,2025-03-08,20.0,paid
1486,294,2025-04-04,20.0,paid
1487,294,2025-05-08,20.0,paid
1488,294,2025-06-01,20.0,paid
1489,294,2025-07-07,20.0,paid
1490,294,2025-08-04,20.0,paid
1491,294,2025-09-02,20.0,paid
1492,294,2025-09-30,20.0,paid
1493,294,2025-11-01,20.0,paid
1494,295,2025-06-06,200.0,paid
1495,295,2025-07-05,200.0,paid
1496,295,2025-08-04,200.0,paid
1497,295,2025-09-07,200.0,paid
1498,295,2025-10-03,200.0,paid
1499,295,2025-11-02,200.0,paid
1500,296,2025-04-01,20.0,paid
1501,296,2025-04-28,20.0,paid
1502,296,2025-05-31,20.0,paid
1503,296,2025-07-02,20.0,paid
1504,296,2025-07-29,20.0,paid
1505,296,2025-08-31,20.0,paid
1506,296,2025-09-26,20.0,paid
1507,296,2025-10-29,20.0,paid
1508,296,2025-11-29,20.0,paid
1509,297,2025-04-06,60.0,paid
1510,297,2025-05-11,60.0,paid
1511,297,2025-06-11,60.0,paid
1512,298,2024-08-22,0.0,paid
1513,298,2024-09-18,20.0,paid
1514,299,2024-08-10,20.0,paid
1515,299,2024-09-15,20.0,paid
1516,299,2024-10-10,20.0,paid
1517,300,2025-09-18,60.0,paid
1518,300,2025-10-15,60.0,paid
1519,300,2025-11-17,60.0,paid
1520,301,2025-01-28,60.0,paid
1521,301,2025-03-03,60.0,paid
1522,301,2025-03-30,60.0,paid
1523,301,2025-04-28,60.0,paid
1524,301,2025-06-02,60.0,paid
1525,301,2025-06-28,60.0,paid
1526,301,2025-07-26,60.0,paid
1527,301,2025-08-30,60.0,paid
1528,301,2025-09-26,60.0,paid
1529,301,2025-10-26,60.0,paid
1530,301,2025-11-23,60.0,paid
1531,302,2024-08-24,20.0,paid
1532,302,2024-09-19,20.0,failed
1533,302,2024-10-18,20.0,paid
1534,302,2024-11-20,20.0,paid
1535,302,2024-12-22,20.0,paid
1536,302,2025-01-18,20.0,paid
1537,302,2025-02-20,20.0,failed
1538,302,2025-03-22,20.0,paid
1539,302,2025-04-22,20.0,paid
1540,302,2025-05-17,20.0,paid
1541,302,2025-06-18,20.0,paid
1542,302,2025-07-20,20.0,paid
1543,302,2025-08-14,20.0,paid
1544,304,2025-04-01,60.0,paid
1545,304,2025-05-01,60.0,failed
1546,304,2025-06-01,60.0,paid
1547,304,2025-07-03,60.0,paid
1548,304,2025-07-30,60.0,paid
1549,304,2025-08-30,60.0,failed
1550,304,2025-10-02,60.0,paid
1551,304,2025-10-29,60.0,paid
1552,304,2025-12-01,60.0,paid
1553,307,2025-10-10,60.0,paid
1554,307,2025-11-09,60.0,paid
1555,308,2025-04-14,20.0,paid
1556,308,2025-05-08,20.0,paid
1557,308,2025-06-13,20.0,paid
1558,308,2025-07-10,20.0,paid
1559,308,2025-08-11,20.0,paid
1560,308,2025-09-06,20.0,paid
1561,308,2025-10-08,20.0,paid
1562,308,2025-11-04,20.0,paid
1563,309,2025-05-22,20.0,paid
1564,309,2025-06-18,20.0,paid
1565,309,2025-07-23,20.0,paid
1566,309,2025-08-23,20.0,paid
1567,309,2025-09-16,20.0,paid
1568,309,2025-10-16,20.0,paid
1569,310,2025-08-24,60.0,paid
1570,310,2025-09-23,60.0,failed
1571,310,2025-10-22,60.0,paid
1572,310,2025-11-23,60.0,paid
1573,311,2024-09-10,60.0,paid
1574,311,2024-10-05,60.0,paid
1575,311,2024-11-08,60.0,paid
1576,311,2024-12-08,60.0,paid
1577,311,2025-01-03,60.0,paid
1578,311,2025-02-01,60.0,paid
1579,311,2025-03-07,60.0,paid
1580,311,2025-04-06,60.0,paid
1581,311,2025-05-02,60.0,paid
1582,311,2025-06-05,60.0,paid
1583,311,2025-07-06,60.0,paid
1584,311,2025-08-01,60.0,paid
1585,311,2025-09-02,60.0,paid
1586,311,2025-10-01,60.0,paid
1587,311,2025-11-03,60.0,paid
1588,312,2025-07-23,60.0,paid
1589,312,2025-08-22,60.0,paid
1590,312,2025-09-17,60.0,paid
1591,312,2025-10-19,60.0,failed
1592,312,2025-11-19,60.0,paid
1593,313,2025-01-05,20.0,failed
1594,313,2025-01-30,20.0,paid
1595,313,2025-02-28,20.0,paid
1596,313,2025-03-30,20.0,paid
1597,313,2025-04-30,20.0,paid
1598,313,2025-06-04,20.0,paid
1599,313,2025-06-28,20.0,paid
1600,313,2025-08-01,20.0,paid
1601,313,2025-09-01,20.0,paid
1602,313,2025-09-29,20.0,failed
1603,314,2025-05-11,60.0,paid
1604,314,2025-06-09,60.0,paid
1605,314,2025-07-13,60.0,paid
1606,314,2025-08-07,60.0,paid
1607,314,2025-09-06,60.0,paid
1608,314,2025-10-07,60.0,paid
1609,314,2025-11-09,60.0,paid
1610,315,2024-07-08,20.0,paid
1611,315,2024-08-07,20.0,paid
1612,315,2024-09-06,20.0,paid
1613,315,2024-10-07,20.0,failed
1614,315,2024-11-05,20.0,paid
1615,315,2024-12-03,20.0,paid
1616,316,2025-03-16,60.0,paid
1617,316,2025-04-10,60.0,paid
1618,316,2025-05-16,60.0,paid
1619,316,2025-06-15,60.0,paid
1620,316,2025-07-14,60.0,paid
1621,316,2025-08-10,60.0,paid
1622,316,2025-09-08,60.0,paid
1623,316,2025-10-11,60.0,paid
1624,316,2025-11-10,60.0,paid
1625,317,2024-12-23,200.0,paid
1626,317,2025-01-20,200.0,paid
1627,317,2025-02-18,200.0,paid
1628,317,2025-03-23,200.0,paid
1629,317,2025-04-17,200.0,paid
1630,317,2025-05-23,200.0,paid
1631,318,2025-09-14,20.0,paid
1632,318,2025-10-16,20.0,paid
1633,318,2025-11-15,20.0,paid
1634,320,2024-10-24,60.0,paid
1635,320,2024-11-25,60.0,paid
1636,320,2024-12-24,60.0,paid
1637,320,2025-01-19,60.0,paid
1638,320,2025-02-22,60.0,paid
1639,320,2025-03-20,60.0,paid
1640,321,2025-07-28,60.0,paid
1641,321,2025-08-26,60.0,paid
1642,321,2025-09-27,60.0,paid
1643,321,2025-10-30,60.0,paid
1644,321,2025-11-29,60.0,paid
1645,322,2025-03-08,60.0,paid
1646,322,2025-04-09,60.0,paid
1647,322,2025-05-10,60.0,paid
1648,322,2025-06-05,60.0,paid
1649,322,2025-07-10,60.0,paid
1650,322,2025-08-06,60.0,paid
1651,322,2025-09-08,60.0,paid
1652,322,2025-10-02,60.0,failed
1653,322,2025-11-01,60.0,paid
1654,323,2025-08-11,200.0,paid
1655,323,2025-09-10,200.0,paid
1656,323,2025-10-12,200.0,paid
1657,323,2025-11-10,200.0,paid
1658,324,2025-11-10,20.0,paid
1659,325,2025-09-28,60.0,paid
1660,325,2025-10-31,60.0,paid
1661,325,2025-11-30,60.0,paid
1662,326,2024-10-10,20.0,paid
1663,326,2024-11-09,20.0,paid
1664,326,2024-12-11,20.0,paid
1665,326,2025-01-08,20.0,paid
1666,326,2025-02-04,20.0,paid
1667,326,2025-03-11,20.0,paid
1668,326,2025-04-09,20.0,paid
1669,326,2025-05-09,20.0,paid
1670,326,2025-06-08,20.0,paid
1671,326,2025-07-05,20.0,paid
1672,326,2025-08-05,20.0,paid
1673,326,2025-09-02,20.0,paid
1674,326,2025-10-04,20.0,paid
1675,326,2025-11-01,20.0,paid
1676,327,2025-10-20,60.0,paid
1677,327,2025-11-14,60.0,paid
1678,329,2025-04-06,200.0,paid
1679,329,2025-05-07,200.0,paid
1680,329,2025-06-07,200.0,failed
1681,329,2025-07-08,200.0,paid
1682,329,2025-08-07,200.0,paid
1683,329,2025-09-05,200.0,paid
1684,329,2025-10-05,200.0,failed
1685,329,2025-11-04,200.0,paid
1686,330,2024-08-24,200.0,paid
1687,330,2024-09-26,200.0,paid
1688,330,2024-10-24,200.0,failed
1689,330,2024-11-25,200.0,paid
1690,331,2025-06-30,20.0,paid
1691,332,2024-07-16,60.0,paid
1692,332,2024-08-16,60.0,paid
1693,332,2024-09-14,60.0,paid
1694,332,2024-10-17,60.0,paid
1695,332,2024-11-13,60.0,paid
1696,332,2024-12-16,60.0,paid
1697,333,2025-10-31,20.0,paid
1698,333,2025-11-26,20.0,paid
1699,334,2024-09-06,20.0,paid
1700,334,2024-10-06,20.0,paid
1701,334,2024-11-05,20.0,paid
1702,334,2024-12-01,20.0,paid
1703,334,2024-12-30,20.0,paid
1704,334,2025-01-29,20.0,paid
1705,334,2025-03-05,20.0,paid
1706,334,2025-03-31,20.0,paid
1707,334,2025-05-04,20.0,failed
1708,334,2025-05-29,20.0,paid
1709,334,2025-06-29,20.0,paid
1710,334,2025-07-31,20.0,paid
1711,334,2025-08-29,20.0,paid
1712,335,2024-11-27,60.0,paid
1713,335,2024-12-29,60.0,paid
1714,335,2025-01-28,60.0,paid
1715,335,2025-02-26,60.0,paid
1716,335,2025-03-25,60.0,paid
1717,335,2025-04-23,60.0,paid
1718,335,2025-05-24,60.0,paid
1719,335,2025-06-22,60.0,paid
1720,335,2025-07-26,60.0,paid
1721,335,2025-08-26,60.0,paid
1722,335,2025-09-25,60.0,failed
1723,336,2024-12-02,200.0,paid
1724,336,2024-12-27,200.0,paid
1725,336,2025-02-01,200.0,paid
1726,336,2025-02-25,200.0,paid
1727,336,2025-03-29,200.0,paid
1728,336,2025-05-02,200.0,paid
1729,336,2025-05-29,200.0,paid
1730,337,2025-02-22,10.0,paid
1731,338,2024-08-21,20.0,paid
1732,338,2024-09-22,20.0,paid
1733,338,2024-10-25,20.0,paid
1734,338,2024-11-23,20.0,paid
1735,338,2024-12-24,20.0,paid
1736,338,2025-01-18,20.0,paid
1737,338,2025-02-20,20.0,paid
1738,338,2025-03-22,20.0,failed
1739,338,2025-04-22,20.0,paid
1740,338,2025-05-20,20.0,paid
1741,338,2025-06-17,20.0,paid
1742,339,2025-11-14,60.0,paid
1743,340,2025-03-27,20.0,paid
1744,340,2025-04-25,20.0,paid
1745,340,2025-05-26,20.0,paid
1746,340,2025-06-29,20.0,paid
1747,340,2025-07-23,20.0,paid
1748,341,2025-09-25,20.0,paid
1749,341,2025-10-25,20.0,paid
1750,341,2025-11-19,20.0,paid
1751,342,2025-04-09,20.0,failed
1752,342,2025-05-05,20.0,paid
1753,342,2025-06-04,20.0,paid
1754,342,2025-07-10,20.0,paid
1755,342,2025-08-09,20.0,failed
1756,342,2025-09-02,20.0,paid
1757,342,2025-10-03,20.0,paid
1758,342,2025-11-01,20.0,paid
1759,343,2025-11-30,20.0,paid
1760,344,2025-07-25,20.0,paid
1761,344,2025-08-18,20.0,paid
1762,344,2025-09-21,20.0,paid
1763,344,2025-10-23,20.0,failed
1764,344,2025-11-21,20.0,paid
1765,345,2025-08-14,20.0,paid
1766,345,2025-09-11,20.0,paid
1767,345,2025-10-09,20.0,paid
1768,345,2025-11-09,20.0,paid
1769,346,2025-11-19,20.0,paid
1770,347,2025-01-08,20.0,paid
1771,347,2025-02-01,20.0,paid
1772,347,2025-03-07,20.0,paid
1773,347,2025-04-04,20.0,paid
1774,347,2025-05-02,20.0,paid
1775,347,2025-06-05,20.0,paid
1776,347,2025-07-06,20.0,failed
1777,348,2025-03-04,20.0,paid
1778,348,2025-04-03,20.0,paid
1779,348,2025-05-08,20.0,paid
1780,350,2024-07-30,60.0,paid
1781,350,2024-09-01,60.0,paid
1782,350,2024-09-28,60.0,paid
1783,350,2024-10-31,60.0,paid
1784,350,2024-12-03,60.0,paid
1785,350,2024-12-29,60.0,paid
1786,350,2025-02-01,60.0,paid
1787,350,2025-03-03,60.0,paid
1788,350,2025-03-29,60.0,paid
1789,350,2025-04-28,60.0,paid
1790,350,2025-05-26,60.0,paid
1791,351,2024-06-25,200.0,paid
1792,351,2024-07-22,200.0,paid
1793,351,2024-08-23,200.0,paid
1794,351,2024-09-21,200.0,paid
1795,351,2024-10-22,200.0,paid
1796,351,2024-11-23,200.0,paid
1797,351,2024-12-25,200.0,paid
1798,351,2025-01-20,200.0,paid
1799,351,2025-02-22,200.0,paid
1800,351,2025-03-23,200.0,paid
1801,351,2025-04-19,200.0,paid
1802,353,2024-06-16,200.0,paid
1803,353,2024-07-18,200.0,paid
1804,353,2024-08-16,200.0,paid
1805,353,2024-09-18,200.0,paid
1806,353,2024-10-18,200.0,paid
1807,353,2024-11-12,200.0,paid
1808,353,2024-12-16,200.0,paid
1809,353,2025-01-14,200.0,paid
1810,353,2025-02-15,200.0,paid
1811,353,2025-03-17,200.0,paid
1812,354,2025-10-30,200.0,paid
1813,354,2025-11-28,200.0,paid
1814,357,2025-09-09,20.0,paid
1815,357,2025-10-12,20.0,paid
1816,357,2025-11-09,20.0,paid
1817,358,2025-09-29,60.0,paid
1818,358,2025-10-28,60.0,paid
1819,358,2025-11-22,60.0,paid
1820,359,2025-01-07,60.0,paid
1821,359,2025-02-05,60.0,paid
1822,359,2025-03-05,60.0,paid
1823,361,2025-08-09,200.0,paid
1824,361,2025-09-05,200.0,paid
1825,361,2025-10-03,200.0,paid
1826,361,2025-11-03,200.0,paid
1827,362,2024-08-27,200.0,paid
1828,362,2024-09-26,200.0,paid
1829,362,2024-10-23,200.0,paid
1830,362,2024-11-23,200.0,paid
1831,362,2024-12-27,200.0,paid
1832,362,2025-01-23,200.0,paid
1833,363,2024-12-17,200.0,paid
1834,363,2025-01-17,200.0,paid
1835,363,2025-02-21,200.0,paid
1836,363,2025-03-21,200.0,paid
1837,364,2024-10-05,60.0,paid
1838,364,2024-11-01,60.0,paid
1839,364,2024-12-02,60.0,paid
1840,364,2025-01-03,60.0,paid
1841,364,2025-01-28,60.0,paid
1842,364,2025-03-03,60.0,paid
1843,364,2025-03-29,60.0,failed
1844,364,2025-05-02,60.0,paid
1845,364,2025-05-29,60.0,paid
1846,365,2024-09-24,60.0,paid
1847,365,2024-10-21,60.0,paid
1848,365,2024-11-17,60.0,paid
1849,365,2024-12-21,60.0,paid
1850,365,2025-01-20,60.0,paid
1851,365,2025-02-15,60.0,paid
1852,365,2025-03-20,60.0,paid
1853,365,2025-04-21,60.0,paid
1854,365,2025-05-17,60.0,paid
1855,365,2025-06-16,60.0,paid
1856,365,2025-07-17,60.0,paid
1857,365,2025-08-16,60.0,paid
1858,365,2025-09-19,60.0,paid
1859,366,2024-11-17,200.0,paid
1860,366,2024-12-14,200.0,paid
1861,366,2025-01-15,200.0,paid
1862,366,2025-02-15,200.0,failed
1863,366,2025-03-16,200.0,paid
1864,366,2025-04-12,200.0,paid
1865,366,2025-05-12,200.0,failed
1866,366,2025-06-12,200.0,paid
1867,368,2025-08-28,20.0,paid
1868,368,2025-09-26,10.0,paid
1869,370,2024-12-28,200.0,paid
1870,370,2025-01-27,200.0,failed
1871,370,2025-03-03,200.0,paid
1872,370,2025-04-02,200.0,paid
1873,371,2024-12-06,0.0,paid
1874,372,2025-02-09,60.0,paid
1875,372,2025-03-10,60.0,paid
1876,372,2025-04-10,60.0,paid
1877,372,2025-05-12,60.0,paid
1878,373,2025-08-17,20.0,paid
1879,373,2025-09-17,20.0,paid
1880,373,2025-10-14,20.0,paid
1881,373,2025-11-17,20.0,paid
1882,376,2025-02-18,200.0,paid
1883,376,2025-03-22,200.0,paid
1884,376,2025-04-20,200.0,paid
1885,376,2025-05-21,200.0,paid
1886,376,2025-06-19,200.0,paid
1887,376,2025-07-23,200.0,paid
1888,376,2025-08-16,200.0,paid
1889,376,2025-09-15,200.0,failed
1890,376,2025-10-16,200.0,paid
1891,376,2025-11-20,200.0,paid
1892,378,2025-06-04,60.0,paid
1893,378,2025-07-03,60.0,paid
1894,378,2025-08-02,60.0,failed
1895,378,2025-08-31,60.0,paid
1896,378,2025-09-26,60.0,paid
1897,378,2025-10-27,60.0,paid
1898,378,2025-12-01,60.0,paid
1899,379,2024-12-23,0.0,paid
1900,380,2025-05-29,200.0,paid
1901,380,2025-06-27,200.0,paid
1902,380,2025-08-01,200.0,paid
1903,380,2025-08-27,200.0,paid
1904,380,2025-09-27,200.0,paid
1905,380,2025-10-28,200.0,paid
1906,380,2025-11-28,200.0,paid
1907,382,2025-08-30,200.0,paid
1908,382,2025-09-29,200.0,paid
1909,382,2025-11-02,200.0,paid
1910,382,2025-11-27,200.0,paid
1911,383,2024-10-02,60.0,paid
1912,383,2024-10-29,60.0,paid
1913,383,2024-11-29,60.0,paid
1914,383,2024-12-30,60.0,paid
1915,383,2025-01-28,60.0,paid
1916,383,2025-02-24,60.0,paid
1917,383,2025-03-25,60.0,failed
1918,383,2025-04-27,60.0,paid
1919,383,2025-05-24,60.0,paid
1920,384,2025-06-27,60.0,paid
1921,384,2025-07-22,60.0,paid
1922,384,2025-08-20,60.0,paid
1923,384,2025-09-19,60.0,failed
1924,384,2025-10-19,60.0,failed
1925,384,2025-11-24,60.0,paid
1926,386,2025-06-24,0.0,paid
1927,387,2025-09-08,200.0,paid
1928,387,2025-10-13,200.0,paid
1929,387,2025-11-09,200.0,paid
1930,388,2024-09-26,200.0,paid
1931,388,2024-10-26,200.0,paid
1932,388,2024-11-20,200.0,paid
1933,388,2024-12-24,200.0,paid
1934,388,2025-01-23,200.0,paid
1935,388,2025-02-20,200.0,paid
1936,388,2025-03-26,200.0,paid
1937,388,2025-04-19,200.0,paid
1938,388,2025-05-19,200.0,paid
1939,388,2025-06-18,200.0,paid
1940,388,2025-07-19,200.0,failed
1941,388,2025-08-22,200.0,paid
1942,388,2025-09-19,200.0,paid
1943,389,2024-10-02,20.0,paid
1944,389,2024-10-31,20.0,paid
1945,389,2024-12-06,20.0,paid
1946,389,2025-01-05,20.0,paid
1947,389,2025-02-04,20.0,paid
1948,389,2025-03-02,20.0,paid
1949,389,2025-03-30,20.0,paid
1950,389,2025-04-29,20.0,paid
1951,389,2025-06-01,20.0,paid
1952,389,2025-06-28,20.0,paid
1953,389,2025-07-29,20.0,paid
1954,389,2025-08-31,20.0,paid
1955,389,2025-09-29,20.0,paid
1956,389,2025-11-01,20.0,paid
1957,389,2025-11-30,20.0,paid
1958,390,2024-06-26,60.0,paid
1959,390,2024-07-23,60.0,paid
1960,390,2024-08-25,60.0,paid
1961,390,2024-09-26,60.0,paid
1962,390,2024-10-24,60.0,paid
1963,390,2024-11-21,60.0,paid
1964,390,2024-12-22,60.0,paid
1965,390,2025-01-20,60.0,failed
1966,390,2025-02-19,60.0,paid
1967,391,2024-09-17,60.0,paid
1968,391,2024-10-18,60.0,paid
1969,391,2024-11-15,60.0,paid
1970,391,2024-12-14,60.0,failed
1971,391,2025-01-17,60.0,paid
1972,391,2025-02-16,60.0,paid
1973,391,2025-03-18,60.0,paid
1974,393,2025-04-19,20.0,paid
1975,394,2025-11-24,60.0,paid
1976,395,2025-05-01,60.0,paid
1977,395,2025-05-30,60.0,paid
1978,395,2025-06-26,60.0,paid
1979,395,2025-07-26,60.0,paid
1980,395,2025-08-27,60.0,paid
1981,395,2025-09-27,60.0,paid
1982,395,2025-10-25,60.0,paid
1983,395,2025-11-26,60.0,paid
1984,397,2025-11-28,200.0,paid
1985,398,2025-06-08,200.0,paid
1986,398,2025-07-09,200.0,paid
1987,398,2025-08-06,200.0,paid
1988,398,2025-09-07,200.0,paid
1989,398,2025-10-01,200.0,paid
1990,398,2025-11-03,200.0,paid
1991,399,2025-04-14,10.0,paid
1992,400,2024-10-21,200.0,paid
1993,400,2024-11-21,200.0,paid
1994,400,2024-12-22,200.0,paid
1995,400,2025-01-23,200.0,paid
1996,400,2025-02-19,200.0,paid
1997,400,2025-03-20,200.0,paid
1998,400,2025-04-21,200.0,paid
1999,400,2025-05-21,200.0,paid
2000,400,2025-06-18,200.0,paid
2001,400,2025-07-19,200.0,paid
2002,400,2025-08-17,200.0,paid
2003,400,2025-09-15,200.0,paid
2004,400,2025-10-14,200.0,failed
2005,400,2025-11-15,200.0,paid
2006,401,2025-11-14,0.0,paid
2007,402,2025-01-19,200.0,paid
2008,402,2025-02-18,200.0,failed
2009,402,2025-03-16,200.0,failed
2010,404,2024-10-17,60.0,paid
2011,404,2024-11-13,60.0,paid
2012,404,2024-12-14,60.0,paid
2013,405,2025-06-13,60.0,paid
2014,405,2025-07-11,60.0,paid
2015,405,2025-08-07,60.0,paid
2016,405,2025-09-06,60.0,paid
2017,405,2025-10-05,60.0,failed
2018,405,2025-11-05,60.0,paid
2019,407,2025-03-27,200.0,failed
2020,407,2025-04-28,200.0,paid
2021,407,2025-05-30,200.0,paid
2022,407,2025-06-29,200.0,failed
2023,407,2025-07-28,200.0,failed
2024,407,2025-08-22,200.0,paid
2025,408,2024-06-12,200.0,paid
2026,408,2024-07-15,200.0,paid
2027,408,2024-08-16,200.0,paid
2028,408,2024-09-15,200.0,paid
2029,408,2024-10-12,200.0,paid
2030,408,2024-11-10,200.0,paid
2031,408,2024-12-14,200.0,paid
2032,408,2025-01-13,200.0,paid
2033,408,2025-02-07,200.0,paid
2034,408,2025-03-09,200.0,paid
2035,408,2025-04-08,200.0,failed
2036,408,2025-05-11,200.0,paid
2037,408,2025-06-08,200.0,paid
2038,408,2025-07-12,200.0,paid
2039,408,2025-08-10,200.0,paid
2040,409,2025-01-18,20.0,paid
2041,409,2025-02-19,20.0,paid
2042,409,2025-03-17,20.0,paid
2043,409,2025-04-21,20.0,paid
2044,409,2025-05-21,20.0,paid
2045,409,2025-06-17,20.0,paid
2046,409,2025-07-19,20.0,paid
2047,409,2025-08-18,20.0,paid
2048,409,2025-09-14,20.0,paid
2049,409,2025-10-17,20.0,paid
2050,409,2025-11-13,20.0,paid
2051,411,2024-06-28,20.0,paid
2052,411,2024-07-29,20.0,failed
2053,411,2024-08-26,20.0,paid
2054,411,2024-09-24,20.0,paid
2055,411,2024-10-26,20.0,paid
2056,411,2024-11-22,20.0,paid
2057,411,2024-12-22,20.0,paid
2058,411,2025-01-21,20.0,paid
2059,411,2025-02-21,20.0,paid
2060,411,2025-03-26,20.0,paid
2061,411,2025-04-22,20.0,paid
2062,411,2025-05-21,20.0,paid
2063,411,2025-06-24,20.0,failed
2064,411,2025-07-23,20.0,paid
2065,411,2025-08-19,20.0,paid
2066,412,2024-12-11,20.0,paid
2067,412,2025-01-07,20.0,paid
2068,412,2025-02-11,20.0,paid
2069,412,2025-03-08,20.0,paid
2070,412,2025-04-08,20.0,paid
2071,412,2025-05-11,20.0,paid
2072,412,2025-06-06,20.0,paid
2073,412,2025-07-11,20.0,paid
2074,413,2025-04-02,20.0,paid
2075,413,2025-05-02,20.0,paid
2076,413,2025-06-02,20.0,paid
2077,413,2025-07-05,20.0,paid
2078,413,2025-08-05,20.0,paid
2079,413,2025-08-31,20.0,paid
2080,413,2025-10-05,20.0,paid
2081,413,2025-10-29,20.0,paid
2082,414,2025-03-18,20.0,paid
2083,414,2025-04-13,20.0,failed
2084,414,2025-05-11,20.0,paid
2085,414,2025-06-12,20.0,paid
2086,414,2025-07-15,20.0,failed
2087,414,2025-08-14,20.0,paid
2088,414,2025-09-11,20.0,paid
2089,414,2025-10-12,20.0,paid
2090,414,2025-11-07,20.0,failed
2091,415,2025-06-28,20.0,paid
2092,415,2025-07-27,20.0,paid
2093,415,2025-08-26,20.0,paid
2094,415,2025-09-29,20.0,paid
2095,415,2025-10-27,20.0,paid
2096,415,2025-11-29,20.0,paid
2097,416,2024-07-17,200.0,paid
2098,416,2024-08-13,200.0,paid
2099,416,2024-09-11,200.0,paid
2100,416,2024-10-15,200.0,paid
2101,416,2024-11-13,200.0,paid
2102,416,2024-12-14,200.0,paid
2103,416,2025-01-12,200.0,paid
2104,416,2025-02-13,200.0,paid
2105,416,2025-03-11,200.0,paid
2106,416,2025-04-09,200.0,paid
2107,417,2025-01-07,20.0,paid
2108,417,2025-02-08,20.0,paid
2109,417,2025-03-05,20.0,paid
2110,417,2025-04-06,20.0,paid
2111,417,2025-05-05,20.0,paid
2112,417,2025-06-07,20.0,paid
2113,417,2025-07-07,20.0,paid
2114,417,2025-08-03,20.0,failed
2115,417,2025-09-01,20.0,paid
2116,417,2025-10-01,20.0,paid
2117,417,2025-11-04,20.0,paid
2118,417,2025-11-29,20.0,paid
2119,418,2024-09-08,200.0,paid
2120,418,2024-10-11,200.0,paid
2121,418,2024-11-10,200.0,paid
2122,418,2024-12-08,200.0,paid
2123,418,2025-01-03,200.0,paid
2124,418,2025-02-03,200.0,paid
2125,418,2025-03-08,200.0,paid
2126,418,2025-04-05,200.0,paid
2127,418,2025-05-09,200.0,paid
2128,418,2025-06-06,200.0,paid
2129,418,2025-07-03,200.0,paid
2130,418,2025-08-06,200.0,paid
2131,419,2024-09-03,60.0,paid
2132,419,2024-10-06,60.0,failed
2133,419,2024-11-03,60.0,paid
2134,419,2024-12-04,60.0,paid
2135,419,2025-01-06,60.0,paid
2136,419,2025-01-31,60.0,failed
2137,419,2025-03-03,60.0,paid
2138,419,2025-04-03,60.0,paid
2139,419,2025-05-03,60.0,paid
2140,419,2025-06-01,60.0,paid
2141,419,2025-07-05,60.0,paid
2142,419,2025-07-30,60.0,failed
2143,421,2025-01-21,200.0,paid
2144,421,2025-02-20,200.0,paid
2145,421,2025-03-22,200.0,paid
2146,421,2025-04-18,200.0,paid
2147,421,2025-05-19,200.0,paid
2148,421,2025-06-15,200.0,paid
2149,421,2025-07-17,200.0,failed
2150,421,2025-08-15,200.0,paid
2151,421,2025-09-14,200.0,paid
2152,421,2025-10-18,200.0,paid
2153,421,2025-11-12,200.0,failed
2154,422,2025-10-28,60.0,paid
2155,422,2025-11-21,60.0,paid
2156,423,2025-02-09,0.0,paid
2157,424,2024-07-01,200.0,paid
2158,424,2024-07-31,200.0,paid
2159,424,2024-09-01,200.0,paid
2160,425,2025-10-19,20.0,paid
2161,425,2025-11-20,20.0,failed
2162,426,2025-01-06,20.0,paid
2163,426,2025-02-07,20.0,paid
2164,426,2025-03-08,20.0,paid
2165,426,2025-04-04,20.0,paid
2166,426,2025-05-10,20.0,paid
2167,426,2025-06-06,20.0,paid
2168,426,2025-07-09,20.0,paid
2169,426,2025-08-08,20.0,paid
2170,426,2025-09-05,20.0,paid
2171,428,2024-12-19,20.0,paid
2172,428,2025-01-17,20.0,paid
2173,428,2025-02-12,20.0,paid
2174,428,2025-03-14,20.0,paid
2175,428,2025-04-15,20.0,paid
2176,428,2025-05-12,20.0,paid
2177,428,2025-06-17,20.0,paid
2178,428,2025-07-17,20.0,failed
2179,428,2025-08-10,20.0,paid
2180,428,2025-09-11,20.0,paid
2181,428,2025-10-09,20.0,paid
2182,428,2025-11-10,20.0,paid
2183,429,2025-10-20,200.0,paid
2184,429,2025-11-21,200.0,paid
2185,430,2024-09-07,60.0,paid
2186,430,2024-10-11,60.0,paid
2187,430,2024-11-05,60.0,paid
2188,430,2024-12-09,60.0,failed
2189,430,2025-01-04,60.0,paid
2190,430,2025-02-05,60.0,paid
2191,430,2025-03-09,60.0,paid
2192,430,2025-04-08,60.0,paid
2193,430,2025-05-07,60.0,paid
2194,431,2024-11-13,200.0,failed
2195,431,2024-12-16,200.0,paid
2196,431,2025-01-17,200.0,paid
2197,431,2025-02-12,200.0,paid
2198,431,2025-03-17,200.0,paid
2199,431,2025-04-15,200.0,failed
2200,431,2025-05-13,200.0,paid
2201,431,2025-06-11,200.0,paid
2202,431,2025-07-11,200.0,paid
2203,431,2025-08-12,200.0,paid
2204,431,2025-09-10,200.0,paid
2205,431,2025-10-10,200.0,paid
2206,431,2025-11-11,200.0,paid
2207,433,2024-12-27,60.0,paid
2208,433,2025-01-26,60.0,paid
2209,433,2025-02-24,60.0,paid
2210,433,2025-03-24,60.0,paid
2211,433,2025-04-26,60.0,paid
2212,433,2025-05-23,60.0,paid
2213,433,2025-06-22,60.0,paid
2214,433,2025-07-21,60.0,paid
2215,433,2025-08-19,60.0,paid
2216,433,2025-09-18,60.0,paid
2217,433,2025-10-21,60.0,failed
2218,434,2025-08-29,60.0,paid
2219,434,2025-09-30,60.0,paid
2220,434,2025-10-27,60.0,paid
2221,434,2025-11-24,60.0,paid
2222,435,2025-03-16,60.0,paid
2223,435,2025-04-18,60.0,paid
2224,435,2025-05-15,60.0,failed
2225,435,2025-06-16,60.0,paid
2226,435,2025-07-20,60.0,paid
2227,435,2025-08-18,60.0,paid
2228,435,2025-09-17,60.0,paid
2229,435,2025-10-16,60.0,failed
2230,436,2025-09-08,60.0,paid
2231,436,2025-10-07,60.0,paid
2232,436,2025-11-06,60.0,paid
2233,437,2025-01-21,20.0,paid
2234,437,2025-02-17,20.0,paid
2235,437,2025-03-17,20.0,paid
2236,437,2025-04-19,20.0,paid
2237,437,2025-05-22,20.0,paid
2238,438,2025-09-06,200.0,paid
2239,438,2025-10-10,200.0,paid
2240,438,2025-11-06,200.0,paid
2241,440,2024-09-25,0.0,paid
2242,441,2024-11-25,20.0,paid
2243,441,2024-12-23,20.0,paid
2244,441,2025-01-27,20.0,paid
2245,441,2025-02-25,20.0,paid
2246,441,2025-03-26,20.0,paid
2247,441,2025-04-23,20.0,paid
2248,441,2025-05-24,20.0,paid
2249,441,2025-06-24,20.0,paid
2250,441,2025-07-23,20.0,paid
2251,441,2025-08-21,20.0,paid
2252,441,2025-09-22,20.0,failed
2253,441,2025-10-19,20.0,paid
2254,441,2025-11-20,20.0,paid
2255,442,2025-04-27,200.0,paid
2256,442,2025-05-26,200.0,paid
2257,442,2025-06-24,200.0,paid
2258,442,2025-07-29,200.0,paid
2259,442,2025-08-24,200.0,paid
2260,442,2025-09-25,200.0,paid
2261,442,2025-10-21,200.0,paid
2262,442,2025-11-21,200.0,paid
2263,443,2025-05-22,20.0,paid
2264,443,2025-06-16,20.0,paid
2265,443,2025-07-16,20.0,paid
2266,443,2025-08-20,20.0,paid
2267,443,2025-09-16,20.0,paid
2268,443,2025-10-20,20.0,paid
2269,443,2025-11-17,20.0,paid
2270,444,2025-06-28,60.0,paid
2271,444,2025-07-25,60.0,paid
2272,444,2025-08-27,60.0,paid
2273,444,2025-09-22,60.0,paid
2274,444,2025-10-28,60.0,paid
2275,444,2025-11-24,60.0,paid
2276,445,2025-08-21,60.0,paid
2277,445,2025-09-21,60.0,paid
2278,445,2025-10-22,60.0,failed
2279,445,2025-11-22,60.0,paid
2280,446,2025-07-19,20.0,paid
2281,446,2025-08-20,20.0,paid
2282,446,2025-09-18,20.0,paid
2283,446,2025-10-16,20.0,paid
2284,446,2025-11-18,20.0,paid
2285,447,2025-06-16,20.0,failed
2286,447,2025-07-20,20.0,paid
2287,447,2025-08-19,20.0,paid
2288,447,2025-09-18,20.0,paid
2289,447,2025-10-20,20.0,paid
2290,447,2025-11-17,20.0,paid
2291,448,2024-09-08,200.0,paid
2292,448,2024-10-07,200.0,paid
2293,448,2024-11-12,200.0,paid
2294,448,2024-12-09,200.0,paid
2295,448,2025-01-06,200.0,failed
2296,448,2025-02-05,200.0,paid
2297,448,2025-03-07,200.0,failed
2298,448,2025-04-11,200.0,paid
2299,448,2025-05-06,200.0,paid
2300,448,2025-06-05,200.0,paid
2301,448,2025-07-04,200.0,paid
2302,448,2025-08-06,200.0,failed
2303,449,2024-11-26,200.0,paid
2304,449,2024-12-24,200.0,failed
2305,449,2025-01-21,200.0,paid
2306,449,2025-02-25,200.0,paid
2307,450,2025-02-12,20.0,paid
2308,450,2025-03-19,20.0,paid
2309,450,2025-04-16,20.0,paid
2310,450,2025-05-14,20.0,paid
2311,450,2025-06-13,20.0,paid
2312,450,2025-07-16,20.0,paid
2313,450,2025-08-16,20.0,paid
2314,450,2025-09-09,20.0,paid
2315,450,2025-10-09,20.0,paid
2316,450,2025-11-11,20.0,paid
2317,451,2025-04-03,200.0,paid
2318,451,2025-05-01,200.0,paid
2319,451,2025-06-04,200.0,paid
2320,451,2025-06-30,200.0,paid
2321,451,2025-08-01,200.0,failed
2322,451,2025-08-30,200.0,paid
2323,451,2025-10-02,200.0,paid
2324,451,2025-10-26,200.0,paid
2325,451,2025-12-01,200.0,paid
2326,452,2025-05-19,200.0,paid
2327,452,2025-06-18,200.0,paid
2328,452,2025-07-18,200.0,paid
2329,452,2025-08-19,200.0,paid
2330,452,2025-09-15,200.0,failed
2331,452,2025-10-12,200.0,paid
2332,452,2025-11-14,200.0,paid
2333,453,2024-08-18,200.0,paid
2334,453,2024-09-17,200.0,paid
2335,453,2024-10-17,200.0,paid
2336,453,2024-11-18,200.0,paid
2337,453,2024-12-12,200.0,paid
2338,454,2024-07-07,20.0,paid
2339,454,2024-08-08,20.0,paid
2340,454,2024-09-01,20.0,paid
2341,454,2024-10-07,20.0,failed
2342,455,2025-05-15,60.0,failed
2343,455,2025-06-12,60.0,paid
2344,455,2025-07-10,60.0,paid
2345,455,2025-08-10,60.0,paid
2346,455,2025-09-08,60.0,paid
2347,455,2025-10-09,60.0,paid
2348,455,2025-11-10,60.0,paid
2349,456,2025-10-11,60.0,paid
2350,456,2025-11-10,60.0,paid
2351,457,2025-08-17,60.0,paid
2352,457,2025-09-17,60.0,failed
2353,457,2025-10-18,60.0,paid
2354,458,2025-09-09,60.0,paid
2355,458,2025-10-09,60.0,failed
2356,458,2025-11-09,60.0,paid
2357,459,2024-08-26,200.0,paid
2358,459,2024-09-28,200.0,paid
2359,459,2024-10-27,200.0,paid
2360,459,2024-11-29,200.0,paid
2361,459,2024-12-25,200.0,paid
2362,459,2025-01-23,200.0,paid
2363,459,2025-02-27,200.0,paid
2364,459,2025-03-27,200.0,paid
2365,459,2025-04-25,200.0,paid
2366,460,2025-08-28,200.0,paid
2367,460,2025-09-29,200.0,paid
2368,460,2025-11-02,200.0,failed
2369,460,2025-12-02,200.0,paid
2370,461,2024-12-09,200.0,paid
2371,461,2025-01-12,200.0,paid
2372,461,2025-02-08,200.0,paid
2373,461,2025-03-13,200.0,failed
2374,461,2025-04-11,200.0,paid
2375,461,2025-05-11,200.0,paid
2376,461,2025-06-05,200.0,paid
2377,462,2025-10-07,60.0,paid
2378,462,2025-11-07,60.0,paid
2379,463,2025-04-05,10.0,paid
2380,465,2025-01-13,60.0,paid
2381,465,2025-02-08,60.0,failed
2382,465,2025-03-10,60.0,paid
2383,465,2025-04-12,60.0,paid
2384,465,2025-05-10,60.0,paid
2385,465,2025-06-10,60.0,failed
2386,465,2025-07-11,60.0,paid
2387,465,2025-08-05,60.0,paid
2388,465,2025-09-05,60.0,paid
2389,465,2025-10-07,60.0,paid
2390,465,2025-11-04,60.0,paid
2391,466,2025-07-06,20.0,paid
2392,467,2025-02-12,20.0,paid
2393,467,2025-03-17,20.0,failed
2394,467,2025-04-14,20.0,paid
2395,467,2025-05-16,20.0,failed
2396,467,2025-06-11,20.0,paid
2397,467,2025-07-15,20.0,paid
2398,467,2025-08-08,20.0,paid
2399,467,2025-09-11,20.0,paid
2400,467,2025-10-13,20.0,paid
2401,467,2025-11-07,20.0,paid
2402,468,2024-08-08,0.0,paid
2403,469,2025-09-13,60.0,paid
2404,469,2025-10-12,60.0,paid
2405,469,2025-11-09,60.0,paid
2406,470,2025-04-27,200.0,paid
2407,470,2025-05-23,200.0,paid
2408,470,2025-06-23,200.0,paid
2409,470,2025-07-23,200.0,paid
2410,470,2025-08-27,200.0,paid
2411,470,2025-09-21,200.0,paid
2412,470,2025-10-26,200.0,paid
2413,470,2025-11-19,200.0,paid
2414,471,2025-08-11,20.0,paid
2415,471,2025-09-07,20.0,paid
2416,471,2025-10-09,20.0,paid
2417,473,2025-03-31,200.0,paid
2418,473,2025-05-01,200.0,paid
2419,473,2025-05-31,200.0,paid
2420,473,2025-07-04,200.0,paid
2421,473,2025-07-31,200.0,paid
2422,473,2025-08-31,200.0,paid
2423,473,2025-09-29,200.0,paid
2424,473,2025-10-31,200.0,paid
2425,473,2025-11-25,200.0,paid
2426,474,2025-09-27,200.0,paid
2427,474,2025-10-28,200.0,paid
2428,474,2025-11-28,200.0,paid
2429,475,2025-11-16,20.0,paid
2430,477,2024-12-07,200.0,paid
2431,477,2025-01-06,200.0,paid
2432,477,2025-02-03,200.0,paid
2433,477,2025-03-05,200.0,paid
2434,477,2025-04-03,200.0,paid
2435,477,2025-05-08,200.0,paid
2436,477,2025-06-03,200.0,paid
2437,477,2025-07-06,200.0,paid
2438,477,2025-08-06,200.0,paid
2439,477,2025-09-04,200.0,paid
2440,478,2025-05-24,60.0,paid
2441,478,2025-06-21,60.0,paid
2442,478,2025-07-24,60.0,paid
2443,478,2025-08-20,60.0,paid
2444,479,2025-09-27,200.0,paid
2445,479,2025-10-25,200.0,paid
2446,479,2025-11-26,200.0,paid
2447,480,2024-08-10,200.0,paid
2448,480,2024-09-05,200.0,paid
2449,480,2024-10-09,200.0,paid
2450,480,2024-11-04,200.0,paid
2451,480,2024-12-05,200.0,paid
2452,480,2025-01-07,200.0,paid
2453,482,2024-12-03,60.0,paid
2454,482,2024-12-29,60.0,paid
2455,482,2025-02-03,60.0,failed
2456,482,2025-03-05,60.0,paid
2457,482,2025-04-04,60.0,paid
2458,482,2025-05-03,60.0,paid
2459,482,2025-05-28,60.0,paid
2460,482,2025-06-30,60.0,paid
2461,482,2025-07-28,60.0,paid
2462,483,2025-03-29,60.0,paid
2463,483,2025-05-01,60.0,paid
2464,483,2025-06-02,60.0,paid
2465,483,2025-06-26,60.0,paid
2466,483,2025-07-27,60.0,paid
2467,483,2025-08-27,60.0,paid
2468,483,2025-09-28,60.0,paid
2469,483,2025-10-30,60.0,paid
2470,483,2025-11-25,60.0,paid
2471,484,2025-07-21,60.0,paid
2472,484,2025-08-17,60.0,paid
2473,484,2025-09-17,60.0,failed
2474,484,2025-10-17,60.0,paid
2475,484,2025-11-19,60.0,failed
2476,485,2024-12-20,200.0,paid
2477,485,2025-01-18,200.0,paid
2478,485,2025-02-19,200.0,paid
2479,485,2025-03-20,200.0,paid
2480,485,2025-04-22,200.0,paid
2481,485,2025-05-21,200.0,failed
2482,485,2025-06-22,200.0,failed
2483,485,2025-07-20,200.0,paid
2484,485,2025-08-18,200.0,paid
2485,485,2025-09-18,200.0,failed
2486,486,2024-07-27,20.0,paid
2487,486,2024-08-30,20.0,paid
2488,486,2024-09-30,20.0,paid
2489,486,2024-10-31,20.0,paid
2490,487,2025-10-02,20.0,paid
2491,487,2025-10-28,20.0,paid
2492,489,2025-05-14,60.0,paid
2493,489,2025-06-12,60.0,paid
2494,489,2025-07-12,60.0,paid
2495,489,2025-08-09,60.0,paid
2496,489,2025-09-08,60.0,paid
2497,489,2025-10-11,60.0,failed
2498,489,2025-11-05,60.0,paid
2499,490,2025-01-18,200.0,paid
2500,490,2025-02-17,200.0,paid
2501,490,2025-03-22,200.0,failed
2502,490,2025-04-18,200.0,paid
2503,491,2025-03-17,20.0,paid
2504,491,2025-04-19,20.0,paid
2505,491,2025-05-19,20.0,paid
2506,491,2025-06-18,20.0,paid
2507,491,2025-07-15,20.0,paid
2508,491,2025-08-13,20.0,paid
2509,491,2025-09-12,20.0,paid
2510,493,2024-12-29,0.0,paid
2511,494,2024-11-19,200.0,paid
2512,494,2024-12-18,200.0,paid
2513,494,2025-01-23,200.0,paid
2514,494,2025-02-22,200.0,paid
2515,494,2025-03-24,200.0,paid
2516,494,2025-04-23,200.0,paid
2517,494,2025-05-21,200.0,paid
2518,494,2025-06-19,200.0,paid
2519,494,2025-07-21,200.0,paid
2520,494,2025-08-17,200.0,paid
2521,494,2025-09-19,200.0,paid
2522,494,2025-10-15,200.0,paid
2523,494,2025-11-18,200.0,paid
2524,495,2024-09-08,60.0,paid
2525,495,2024-10-07,60.0,paid
2526,495,2024-11-06,60.0,paid
2527,495,2024-12-07,60.0,paid
2528,495,2025-01-06,60.0,paid
2529,495,2025-02-05,60.0,paid
2530,495,2025-03-09,60.0,paid
2531,495,2025-04-03,60.0,paid
2532,495,2025-05-07,60.0,paid
2533,495,2025-06-07,60.0,paid
2534,495,2025-07-06,60.0,paid
2535,495,2025-08-07,60.0,paid
2536,495,2025-09-01,60.0,paid
2537,496,2025-05-27,200.0,paid
2538,496,2025-06-26,200.0,paid
2539,496,2025-07-22,200.0,paid
2540,496,2025-08-25,200.0,paid
2541,496,2025-09-23,200.0,paid
2542,496,2025-10-24,200.0,paid
2543,496,2025-11-24,200.0,paid
2544,498,2024-09-23,200.0,paid
2545,498,2024-10-25,200.0,paid
2546,498,2024-11-22,200.0,paid
2547,498,2024-12-26,200.0,paid
2548,498,2025-01-20,200.0,failed
2549,498,2025-02-24,200.0,paid
2550,498,2025-03-25,200.0,paid
2551,498,2025-04-23,200.0,paid
2552,498,2025-05-20,200.0,paid
2553,498,2025-06-20,200.0,paid
2554,498,2025-07-18,200.0,paid
2555,498,2025-08-20,200.0,failed
2556,498,2025-09-17,200.0,paid
2557,499,2025-05-31,60.0,paid
2558,499,2025-07-03,60.0,paid
2559,499,2025-08-03,60.0,paid
2560,499,2025-08-31,60.0,paid
2561,499,2025-10-02,60.0,paid
2562,499,2025-10-27,60.0,paid
2563,499,2025-11-30,60.0,paid
2564,500,2025-08-16,60.0,paid
2565,500,2025-09-16,60.0,paid
2566,500,2025-10-17,60.0,paid
2567,500,2025-11-15,60.0,paid
